transaction_id,subscription_key,term_type,transaction_type,received_date,term_seq,landing_date,days_pending,landed_by_as_of,took_effect_as_scheduled
6573,S00005,annual,REDUCE,2026-05-02,1,2027-04-23,356,false,false
2845,S00006,annual,REDUCE,2025-06-30,1,2026-03-12,255,true,true
6947,S00006,annual,REDUCE,2026-05-26,2,2027-03-12,290,false,false
2751,S00012,annual,CANCEL,2025-06-23,1,2026-02-22,244,true,true
3315,S00014,annual,REDUCE,2025-08-13,2,2026-07-05,326,false,false
6894,S00014,annual,CANCEL,2026-05-23,2,2026-07-05,43,false,false
2930,S00018,annual,REDUCE,2025-07-07,1,2025-11-20,136,true,true
1187,S00025,monthly,REDUCE,2024-12-27,4,2025-01-13,17,true,true
4485,S00027,annual,CANCEL,2025-11-26,1,2026-04-26,151,true,true
6093,S00029,annual,REDUCE,2026-03-28,1,2027-03-17,354,false,false
2587,S00036,annual,CANCEL,2025-06-06,1,2025-09-29,115,true,true
5835,S00037,monthly,REDUCE,2026-03-09,6,2026-04-02,24,true,true
306,S00040,annual,CANCEL,2024-08-27,1,2025-08-25,363,true,true
2811,S00042,annual,REDUCE,2025-06-27,1,2025-11-02,128,true,true
1872,S00048,annual,CANCEL,2025-03-24,1,2025-12-03,254,true,true
4138,S00051,monthly,CANCEL,2025-10-28,15,2025-11-07,10,true,true
3117,S00052,annual,CANCEL,2025-07-27,1,2025-11-14,110,true,true
6152,S00070,monthly,REDUCE,2026-04-01,11,2026-04-03,2,true,true
6795,S00071,monthly,CANCEL,2026-05-16,10,2026-05-28,12,true,true
7098,S00072,monthly,CANCEL,2026-06-05,11,2026-06-22,17,true,true
5048,S00073,monthly,REDUCE,2026-01-12,18,2026-02-04,23,true,true
5858,S00073,monthly,CANCEL,2026-03-11,20,2026-04-04,24,true,true
3513,S00090,annual,REDUCE,2025-08-31,1,2026-08-12,346,false,false
4818,S00102,annual,REDUCE,2025-12-24,1,2026-03-26,92,true,false
189,S00113,monthly,CANCEL,2024-08-05,1,2024-08-24,19,true,true
7339,S00115,annual,REDUCE,2026-06-21,1,2026-11-18,150,false,false
5200,S00116,annual,REDUCE,2026-01-24,2,2026-12-24,334,false,false
3691,S00120,annual,CANCEL,2025-09-17,1,2025-11-04,48,true,true
1051,S00121,monthly,CANCEL,2024-12-10,2,2024-12-23,13,true,true
4274,S00124,annual,CANCEL,2025-11-08,1,2026-04-29,172,true,true
7253,S00140,annual,CANCEL,2026-06-16,2,2027-04-12,300,false,false
1534,S00141,annual,REDUCE,2025-02-12,1,2025-12-04,295,true,true
1643,S00143,annual,REDUCE,2025-02-24,1,2026-02-19,360,true,true
3774,S00144,monthly,CANCEL,2025-09-24,4,2025-10-21,27,true,true
1220,S00150,annual,REDUCE,2025-01-01,1,2025-08-02,213,true,true
3439,S00150,annual,REDUCE,2025-08-25,2,2026-08-02,342,false,false
4437,S00150,annual,CANCEL,2025-11-22,2,2026-08-02,253,false,false
5812,S00151,monthly,CANCEL,2026-03-08,15,2026-03-13,5,true,true
7372,S00153,annual,REDUCE,2026-06-23,2,2027-05-03,314,false,false
3479,S00156,monthly,CANCEL,2025-08-28,7,2025-09-16,19,true,true
5894,S00162,annual,CANCEL,2026-03-14,2,2026-10-17,217,false,false
4337,S00163,monthly,CANCEL,2025-11-14,4,2025-11-20,6,true,true
5786,S00164,monthly,REDUCE,2026-03-06,1,2026-04-05,30,true,true
3602,S00176,monthly,REDUCE,2025-09-08,3,2025-10-02,24,true,true
3525,S00182,annual,REDUCE,2025-09-01,2,2026-07-21,323,false,false
6119,S00182,annual,ADD,2026-03-30,2,2026-07-21,113,false,false
4607,S00184,monthly,REDUCE,2025-12-07,13,2025-12-20,13,true,true
2415,S00187,monthly,REDUCE,2025-05-20,2,2025-06-09,20,true,true
1272,S00192,monthly,REDUCE,2025-01-07,6,2025-01-23,16,true,true
7099,S00192,monthly,REDUCE,2026-06-05,23,2026-06-23,18,true,true
6911,S00196,annual,REDUCE,2026-05-24,1,2026-08-10,78,false,false
3071,S00198,annual,CANCEL,2025-07-22,1,2025-10-04,74,true,true
5942,S00203,annual,REDUCE,2026-03-17,1,2027-02-01,321,false,false
7042,S00206,monthly,REDUCE,2026-06-01,15,2026-06-28,27,true,true
3526,S00208,monthly,REDUCE,2025-09-01,3,2025-09-07,6,true,true
578,S00209,monthly,REDUCE,2024-10-08,2,2024-10-27,19,true,true
2752,S00218,monthly,REDUCE,2025-06-23,1,2025-06-30,7,true,true
6323,S00219,monthly,REDUCE,2026-04-14,12,2026-04-26,12,true,true
5760,S00221,monthly,CANCEL,2026-03-04,11,2026-03-26,22,true,true
5508,S00223,monthly,REDUCE,2026-02-16,4,2026-03-02,14,true,true
6435,S00223,monthly,REDUCE,2026-04-21,6,2026-05-02,11,true,true
1495,S00225,annual,REDUCE,2025-02-06,1,2025-09-23,229,true,false
2462,S00225,annual,REDUCE,2025-05-24,1,2025-09-23,122,true,true
4975,S00225,annual,REDUCE,2026-01-07,2,2026-09-23,259,false,false
2794,S00227,annual,REDUCE,2025-06-26,1,2026-06-25,364,true,true
1085,S00244,monthly,REDUCE,2024-12-15,1,2025-01-12,28,true,true
4527,S00246,annual,CANCEL,2025-11-29,1,2026-08-11,255,false,false
4819,S00247,monthly,CANCEL,2025-12-24,1,2026-01-23,30,true,true
3732,S00250,annual,REDUCE,2025-09-21,1,2026-06-27,279,true,false
6759,S00250,annual,ADD,2026-05-13,1,2026-06-27,45,true,true
4929,S00253,annual,CANCEL,2026-01-03,1,2026-07-29,207,false,false
5619,S00255,annual,REDUCE,2026-02-23,1,2027-01-06,317,false,false
6895,S00258,annual,REDUCE,2026-05-23,1,2027-02-27,280,false,false
1138,S00259,annual,REDUCE,2024-12-21,1,2025-07-13,204,true,false
1804,S00259,annual,REDUCE,2025-03-15,1,2025-07-13,120,true,true
1973,S00261,annual,REDUCE,2025-04-02,1,2025-11-22,234,true,false
4734,S00261,annual,CANCEL,2025-12-17,2,2026-11-22,340,false,false
6667,S00263,monthly,REDUCE,2026-05-08,4,2026-05-14,6,true,true
3365,S00264,monthly,CANCEL,2025-08-18,5,2025-08-30,12,true,true
2399,S00266,annual,CANCEL,2025-05-18,1,2025-11-07,173,true,true
7043,S00270,annual,REDUCE,2026-06-01,1,2026-10-01,122,false,false
5859,S00271,monthly,REDUCE,2026-03-11,2,2026-04-02,22,true,true
1940,S00283,annual,CANCEL,2025-03-30,1,2025-12-16,261,true,true
3072,S00286,annual,CANCEL,2025-07-22,1,2026-02-01,194,true,true
7404,S00287,monthly,CANCEL,2026-06-25,5,2026-07-20,25,false,false
3394,S00293,monthly,REDUCE,2025-08-21,4,2025-08-27,6,true,true
4239,S00295,monthly,REDUCE,2025-11-05,10,2025-11-07,2,true,true
7254,S00295,monthly,CANCEL,2026-06-16,18,2026-07-07,21,false,false
2510,S00296,annual,CANCEL,2025-05-29,1,2026-04-19,325,true,true
7120,S00298,monthly,CANCEL,2026-06-07,17,2026-06-28,21,true,true
2678,S00302,monthly,REDUCE,2025-06-15,8,2025-06-25,10,true,true
6574,S00302,monthly,CANCEL,2026-05-02,19,2026-05-25,23,true,true
3002,S00305,monthly,CANCEL,2025-07-14,1,2025-07-24,10,true,true
4528,S00306,annual,REDUCE,2025-11-29,1,2026-10-14,319,false,false
7321,S00309,annual,CANCEL,2026-06-20,1,2026-06-26,6,true,true
2488,S00316,annual,REDUCE,2025-05-27,1,2025-10-19,145,true,true
2282,S00321,annual,CANCEL,2025-05-03,1,2026-03-21,322,true,true
2568,S00323,annual,REDUCE,2025-06-05,1,2025-10-24,141,true,true
5009,S00327,monthly,REDUCE,2026-01-09,11,2026-01-14,5,true,true
4646,S00329,annual,CANCEL,2025-12-10,1,2026-07-11,213,false,false
1433,S00331,monthly,CANCEL,2025-01-31,7,2025-02-04,4,true,true
7008,S00342,annual,REDUCE,2026-05-30,1,2026-06-27,28,true,true
6101,S00346,annual,REDUCE,2026-03-29,2,2026-12-22,268,false,false
7298,S00346,annual,ADD,2026-06-19,2,2026-12-22,186,false,false
7448,S00354,annual,CANCEL,2026-06-28,1,2026-11-06,131,false,false
6179,S00355,annual,REDUCE,2026-04-03,1,2026-12-19,260,false,false
1322,S00361,monthly,CANCEL,2025-01-14,3,2025-01-28,14,true,true
6575,S00364,annual,CANCEL,2026-05-02,1,2026-10-06,157,false,false
4782,S00365,annual,REDUCE,2025-12-21,1,2026-09-22,275,false,false
2230,S00369,annual,CANCEL,2025-04-27,1,2026-04-12,350,true,true
3451,S00370,annual,CANCEL,2025-08-26,1,2026-04-26,243,true,true
6387,S00375,monthly,CANCEL,2026-04-18,6,2026-05-15,27,true,true
2211,S00378,monthly,CANCEL,2025-04-25,10,2025-05-19,24,true,true
3527,S00383,annual,REDUCE,2025-09-01,1,2026-04-07,218,true,false
6742,S00383,annual,REDUCE,2026-05-12,2,2027-04-07,330,false,false
7110,S00383,annual,ADD,2026-06-06,2,2027-04-07,305,false,false
6094,S00386,annual,REDUCE,2026-03-28,1,2026-09-09,165,false,false
7024,S00387,monthly,REDUCE,2026-05-31,11,2026-06-13,13,true,true
1203,S00400,annual,REDUCE,2024-12-29,1,2025-12-25,361,true,true
4608,S00403,monthly,REDUCE,2025-12-07,2,2025-12-16,9,true,true
336,S00406,monthly,REDUCE,2024-09-01,2,2024-09-16,15,true,true
2002,S00406,monthly,REDUCE,2025-04-05,9,2025-04-16,11,true,true
6095,S00412,monthly,REDUCE,2026-03-28,19,2026-04-03,6,true,true
6529,S00412,monthly,REDUCE,2026-04-28,20,2026-05-03,5,true,true
482,S00414,annual,CANCEL,2024-09-23,1,2025-08-07,318,true,true
5749,S00429,annual,REDUCE,2026-03-03,1,2026-04-15,43,true,true
2309,S00431,monthly,CANCEL,2025-05-06,4,2025-06-02,27,true,true
6948,S00432,annual,REDUCE,2026-05-26,2,2026-10-11,138,false,false
4679,S00434,monthly,CANCEL,2025-12-13,4,2025-12-27,14,true,true
2178,S00440,monthly,CANCEL,2025-04-21,3,2025-04-28,7,true,true
1302,S00441,monthly,REDUCE,2025-01-12,2,2025-01-27,15,true,true
7199,S00441,monthly,REDUCE,2026-06-12,19,2026-06-27,15,true,true
2812,S00442,monthly,REDUCE,2025-06-27,3,2025-06-29,2,true,true
4888,S00452,monthly,CANCEL,2025-12-31,8,2026-01-02,2,true,true
5289,S00455,annual,CANCEL,2026-01-30,1,2026-11-11,285,false,false
6949,S00459,monthly,REDUCE,2026-05-26,12,2026-06-01,6,true,true
7147,S00470,monthly,REDUCE,2026-06-09,16,2026-07-05,26,false,false
4460,S00478,annual,REDUCE,2025-11-24,1,2026-10-08,318,false,false
6342,S00484,annual,CANCEL,2026-04-15,2,2026-11-04,203,false,false
3101,S00488,monthly,REDUCE,2025-07-25,11,2025-08-11,17,true,true
4759,S00489,annual,CANCEL,2025-12-19,1,2026-08-05,229,false,false
2518,S00494,annual,REDUCE,2025-05-30,1,2026-02-02,248,true,true
6669,S00495,annual,REDUCE,2026-05-08,1,2027-03-30,326,false,false
2519,S00500,annual,REDUCE,2025-05-30,1,2026-01-03,218,true,true
1928,S00509,annual,REDUCE,2025-03-29,1,2026-02-03,311,true,true
6782,S00509,annual,REDUCE,2026-05-15,2,2027-02-03,264,false,false
2381,S00511,annual,REDUCE,2025-05-16,1,2026-01-13,242,true,true
3203,S00513,monthly,REDUCE,2025-08-03,11,2025-08-06,3,true,true
5359,S00518,annual,REDUCE,2026-02-04,1,2027-01-25,355,false,false
3920,S00521,monthly,REDUCE,2025-10-07,8,2025-10-20,13,true,true
2622,S00522,annual,REDUCE,2025-06-09,1,2026-05-29,354,true,false
4529,S00522,annual,ADD,2025-11-29,1,2026-05-29,181,true,true
4426,S00523,monthly,REDUCE,2025-11-21,12,2025-12-20,29,true,true
6195,S00524,annual,CANCEL,2026-04-04,2,2026-07-24,111,false,false
6343,S00533,annual,REDUCE,2026-04-15,2,2026-12-23,252,false,false
2864,S00539,annual,REDUCE,2025-07-01,1,2026-04-06,279,true,false
3326,S00539,annual,REDUCE,2025-08-14,1,2026-04-06,235,true,true
6121,S00543,annual,REDUCE,2026-03-30,1,2026-11-21,236,false,false
4614,S00544,annual,REDUCE,2025-12-08,1,2026-03-20,102,true,false
2365,S00548,annual,REDUCE,2025-05-14,1,2025-12-27,227,true,true
2356,S00550,annual,CANCEL,2025-05-12,1,2026-03-17,309,true,true
1829,S00559,monthly,REDUCE,2025-03-19,4,2025-04-19,31,true,true
2400,S00560,annual,REDUCE,2025-05-18,1,2025-11-20,186,true,true
7082,S00561,monthly,CANCEL,2026-06-04,13,2026-06-09,5,true,true
6039,S00567,annual,REDUCE,2026-03-24,1,2027-02-24,337,false,false
6216,S00572,annual,REDUCE,2026-04-06,1,2026-07-11,96,false,false
6102,S00573,annual,CANCEL,2026-03-29,1,2027-03-28,364,false,false
821,S00576,monthly,CANCEL,2024-11-10,1,2024-12-02,22,true,true
3328,S00578,monthly,CANCEL,2025-08-14,1,2025-09-13,30,true,true
3603,S00583,monthly,REDUCE,2025-09-08,6,2025-09-24,16,true,true
6576,S00586,monthly,CANCEL,2026-05-02,2,2026-05-15,13,true,true
176,S00587,annual,CANCEL,2024-08-03,1,2025-07-21,352,true,true
4530,S00589,annual,CANCEL,2025-11-29,1,2026-05-06,158,true,true
6868,S00595,annual,CANCEL,2026-05-21,2,2027-01-20,244,false,false
316,S00604,annual,REDUCE,2024-08-29,1,2025-07-28,333,true,true
6720,S00607,annual,REDUCE,2026-05-11,1,2027-04-29,353,false,false
2992,S00609,monthly,REDUCE,2025-07-13,4,2025-08-12,30,true,true
7083,S00609,monthly,CANCEL,2026-06-04,14,2026-06-12,8,true,true
5954,S00612,annual,REDUCE,2026-03-18,1,2027-02-19,338,false,false
6154,S00612,annual,REDUCE,2026-04-01,1,2027-02-19,324,false,false
2383,S00614,monthly,REDUCE,2025-05-16,6,2025-05-24,8,true,true
2608,S00614,monthly,REDUCE,2025-06-08,7,2025-06-24,16,true,true
6896,S00621,monthly,CANCEL,2026-05-23,16,2026-06-18,26,true,true
4901,S00622,monthly,REDUCE,2026-01-01,6,2026-01-19,18,true,true
3452,S00624,monthly,REDUCE,2025-08-26,5,2025-09-09,14,true,true
2570,S00626,monthly,REDUCE,2025-06-05,1,2025-06-25,20,true,true
2341,S00639,annual,REDUCE,2025-05-10,1,2025-08-10,92,true,false
2921,S00639,annual,CANCEL,2025-07-06,1,2025-08-10,35,true,true
1098,S00642,annual,REDUCE,2024-12-17,1,2025-07-03,198,true,true
3825,S00643,annual,REDUCE,2025-09-29,1,2026-02-02,126,true,true
1981,S00644,monthly,REDUCE,2025-04-03,9,2025-04-19,16,true,true
1873,S00662,annual,REDUCE,2025-03-24,1,2026-01-02,284,true,true
6743,S00667,monthly,REDUCE,2026-05-12,10,2026-06-12,31,true,true
1244,S00668,annual,CANCEL,2025-01-04,1,2025-07-27,204,true,true
2528,S00671,annual,REDUCE,2025-05-31,1,2025-08-09,70,true,true
1617,S00679,annual,REDUCE,2025-02-21,1,2026-02-15,359,true,false
2391,S00679,annual,REDUCE,2025-05-17,1,2026-02-15,274,true,false
4446,S00679,annual,ADD,2025-11-23,1,2026-02-15,84,true,true
3092,S00681,annual,REDUCE,2025-07-24,2,2026-07-19,360,false,false
2247,S00682,annual,REDUCE,2025-04-29,1,2025-07-27,89,true,false
2317,S00682,annual,REDUCE,2025-05-08,1,2025-07-27,80,true,true
2554,S00684,monthly,REDUCE,2025-06-03,5,2025-06-20,17,true,true
6071,S00697,monthly,REDUCE,2026-03-27,10,2026-04-06,10,true,true
6368,S00697,monthly,REDUCE,2026-04-17,11,2026-05-06,19,true,true
5552,S00700,annual,REDUCE,2026-02-19,1,2027-01-15,330,false,false
6577,S00704,annual,CANCEL,2026-05-02,1,2026-06-26,55,true,true
2638,S00706,annual,REDUCE,2025-06-10,1,2025-09-24,106,true,true
1905,S00708,annual,REDUCE,2025-03-27,1,2026-01-02,281,true,true
1303,S00709,annual,REDUCE,2025-01-12,1,2025-11-28,320,true,true
4647,S00709,annual,CANCEL,2025-12-10,2,2026-11-28,353,false,false
3921,S00710,annual,CANCEL,2025-10-07,1,2026-05-29,234,true,true
5201,S00711,annual,REDUCE,2026-01-24,1,2027-01-11,352,false,false
5202,S00716,annual,REDUCE,2026-01-24,2,2026-12-19,329,false,false
6298,S00716,annual,REDUCE,2026-04-12,2,2026-12-19,251,false,false
3204,S00717,monthly,REDUCE,2025-08-03,4,2025-08-21,18,true,true
4045,S00717,monthly,CANCEL,2025-10-19,6,2025-10-21,2,true,true
1561,S00719,annual,REDUCE,2025-02-15,1,2025-12-09,297,true,false
2931,S00719,annual,REDUCE,2025-07-07,1,2025-12-09,155,true,false
3968,S00719,annual,REDUCE,2025-10-12,1,2025-12-09,58,true,true
4976,S00726,annual,REDUCE,2026-01-07,1,2026-04-12,95,true,true
3293,S00728,annual,REDUCE,2025-08-11,1,2026-03-24,225,true,false
4569,S00735,monthly,REDUCE,2025-12-03,5,2025-12-06,3,true,true
4486,S00737,annual,CANCEL,2025-11-26,1,2026-06-06,192,true,true
6010,S00746,annual,REDUCE,2026-03-22,1,2027-03-19,362,false,false
4514,S00747,monthly,REDUCE,2025-11-28,17,2025-12-23,25,true,true
3366,S00751,annual,REDUCE,2025-08-18,1,2026-01-25,160,true,true
5509,S00756,monthly,REDUCE,2026-02-16,4,2026-03-02,14,true,true
6950,S00758,annual,CANCEL,2026-05-26,1,2026-12-25,213,false,false
5868,S00766,annual,CANCEL,2026-03-12,1,2026-04-05,24,true,true
4293,S00770,annual,CANCEL,2025-11-10,1,2026-05-29,200,true,true
4500,S00774,monthly,CANCEL,2025-11-27,12,2025-12-02,5,true,true
1221,S00776,monthly,REDUCE,2025-01-01,2,2025-01-11,10,true,true
1992,S00776,monthly,CANCEL,2025-04-04,5,2025-04-11,7,true,true
6609,S00781,annual,CANCEL,2026-05-04,2,2026-12-29,239,false,false
3734,S00784,annual,CANCEL,2025-09-21,1,2025-09-30,9,true,true
6277,S00785,annual,CANCEL,2026-04-10,1,2026-07-15,96,false,false
1660,S00789,monthly,REDUCE,2025-02-26,3,2025-03-02,4,true,true
6963,S00789,monthly,CANCEL,2026-05-27,18,2026-06-02,6,true,true
224,S00795,monthly,REDUCE,2024-08-12,1,2024-09-02,21,true,true
4403,S00796,annual,REDUCE,2025-11-19,1,2026-06-26,219,true,true
6546,S00802,monthly,CANCEL,2026-04-29,7,2026-05-19,20,true,true
5239,S00808,annual,REDUCE,2026-01-26,1,2027-01-14,353,false,false
3710,S00813,annual,REDUCE,2025-09-19,1,2026-05-20,243,true,false
5058,S00813,annual,REDUCE,2026-01-13,1,2026-05-20,127,true,true
5341,S00814,annual,CANCEL,2026-02-03,1,2026-10-30,269,false,false
4977,S00815,annual,REDUCE,2026-01-07,2,2026-11-18,315,false,false
7286,S00815,annual,ADD,2026-06-18,2,2026-11-18,153,false,false
6531,S00816,monthly,REDUCE,2026-04-28,10,2026-05-20,22,true,true
238,S00818,annual,REDUCE,2024-08-15,1,2025-07-29,348,true,false
2319,S00818,annual,ADD,2025-05-08,1,2025-07-29,82,true,true
4141,S00819,annual,REDUCE,2025-10-28,1,2026-10-26,363,false,false
5203,S00819,annual,REDUCE,2026-01-24,1,2026-10-26,275,false,false
3775,S00821,monthly,REDUCE,2025-09-24,11,2025-10-09,15,true,true
4427,S00822,monthly,CANCEL,2025-11-21,14,2025-11-28,7,true,true
2189,S00831,annual,REDUCE,2025-04-22,1,2025-09-10,141,true,false
2664,S00831,annual,CANCEL,2025-06-14,1,2025-09-10,88,true,true
5787,S00839,annual,REDUCE,2026-03-06,1,2026-03-20,14,true,true
2450,S00841,annual,REDUCE,2025-05-23,1,2025-10-20,150,true,true
5639,S00844,annual,CANCEL,2026-02-24,1,2027-01-31,341,false,false
4373,S00845,monthly,CANCEL,2025-11-17,8,2025-12-13,26,true,true
5698,S00847,annual,REDUCE,2026-02-28,1,2027-01-12,318,false,false
868,S00848,annual,REDUCE,2024-11-18,1,2025-11-14,361,true,true
3129,S00849,annual,REDUCE,2025-07-28,2,2026-07-01,338,false,false
5699,S00851,monthly,REDUCE,2026-02-28,1,2026-03-27,27,true,true
2231,S00855,monthly,CANCEL,2025-04-27,10,2025-05-06,9,true,true
3264,S00856,annual,REDUCE,2025-08-09,1,2026-02-26,201,true,true
2288,S00857,annual,CANCEL,2025-05-04,1,2026-01-05,246,true,true
6547,S00859,annual,CANCEL,2026-04-29,2,2027-02-28,305,false,false
5282,S00860,annual,CANCEL,2026-01-29,1,2027-01-22,358,false,false
5888,S00869,monthly,CANCEL,2026-03-13,12,2026-03-28,15,true,true
3336,S00870,annual,REDUCE,2025-08-15,1,2025-12-08,115,true,true
6709,S00873,annual,REDUCE,2026-05-10,2,2027-03-20,314,false,false
6884,S00874,annual,CANCEL,2026-05-22,1,2026-11-13,175,false,false
5440,S00879,annual,REDUCE,2026-02-11,1,2026-08-18,188,false,false
4705,S00892,monthly,REDUCE,2025-12-15,17,2025-12-23,8,true,true
6501,S00892,monthly,CANCEL,2026-04-26,22,2026-05-23,27,true,true
6137,S00894,annual,CANCEL,2026-03-31,1,2027-03-30,364,false,false
7354,S00898,monthly,REDUCE,2026-06-22,22,2026-06-28,6,true,true
2481,S00904,monthly,REDUCE,2025-05-26,5,2025-06-16,21,true,true
6721,S00907,annual,REDUCE,2026-05-11,1,2026-08-25,106,false,false
1630,S00912,monthly,CANCEL,2025-02-23,6,2025-03-04,9,true,true
4303,S00914,monthly,REDUCE,2025-11-11,2,2025-11-19,8,true,true
2609,S00915,annual,CANCEL,2025-06-08,1,2025-07-11,33,true,true
5204,S00916,annual,REDUCE,2026-01-24,1,2026-05-26,122,true,true
5319,S00919,annual,REDUCE,2026-02-01,1,2027-01-15,348,false,false
6762,S00919,annual,CANCEL,2026-05-13,1,2027-01-15,247,false,false
4084,S00925,annual,REDUCE,2025-10-23,1,2026-08-24,305,false,false
2140,S00928,monthly,CANCEL,2025-04-18,2,2025-04-25,7,true,true
3784,S00931,annual,CANCEL,2025-09-25,1,2026-08-28,337,false,false
5955,S00933,annual,REDUCE,2026-03-18,1,2026-10-27,223,false,false
1457,S00938,monthly,REDUCE,2025-02-02,2,2025-02-05,3,true,true
5373,S00938,monthly,REDUCE,2026-02-05,15,2026-03-05,28,true,true
3735,S00943,annual,CANCEL,2025-09-21,1,2026-07-19,301,false,false
2130,S00944,monthly,CANCEL,2025-04-17,6,2025-04-25,8,true,true
7217,S00949,monthly,REDUCE,2026-06-13,22,2026-06-27,14,true,true
6770,S00951,monthly,REDUCE,2026-05-14,18,2026-05-28,14,true,true
4374,S00954,annual,REDUCE,2025-11-17,1,2026-01-25,69,true,false
4616,S00954,annual,REDUCE,2025-12-08,1,2026-01-25,48,true,false
4978,S00954,annual,ADD,2026-01-07,1,2026-01-25,18,true,true
7466,S00955,monthly,REDUCE,2026-06-29,5,2026-07-09,10,false,false
7136,S00957,monthly,CANCEL,2026-06-08,10,2026-06-28,20,true,true
4821,S00962,annual,REDUCE,2025-12-24,1,2026-12-22,363,false,false
6389,S00967,monthly,CANCEL,2026-04-18,1,2026-05-12,24,true,true
6164,S00971,annual,REDUCE,2026-04-02,1,2026-07-16,105,false,false
5394,S00972,annual,REDUCE,2026-02-07,2,2027-01-04,331,false,false
2865,S00973,monthly,CANCEL,2025-07-01,8,2025-07-17,16,true,true
3922,S00981,annual,REDUCE,2025-10-07,1,2026-05-28,233,true,false
6231,S00981,annual,CANCEL,2026-04-07,1,2026-05-28,51,true,true
2725,S00987,annual,REDUCE,2025-06-21,1,2026-03-25,277,true,false
4562,S00987,annual,REDUCE,2025-12-02,1,2026-03-25,113,true,true
3467,S00988,annual,CANCEL,2025-08-27,2,2026-08-16,354,false,false
6324,S00990,monthly,REDUCE,2026-04-14,9,2026-04-24,10,true,true
2889,S00994,annual,REDUCE,2025-07-03,1,2026-02-22,234,true,true
4200,S00995,annual,CANCEL,2025-11-02,1,2026-06-07,217,true,true
1509,S01003,annual,REDUCE,2025-02-08,1,2026-01-25,351,true,false
3503,S01003,annual,REDUCE,2025-08-30,1,2026-01-25,148,true,true
3679,S01010,annual,REDUCE,2025-09-15,1,2026-08-02,321,false,false
4822,S01017,annual,CANCEL,2025-12-24,1,2026-08-14,233,false,false
2879,S01021,annual,REDUCE,2025-07-02,1,2026-04-07,279,true,false
5224,S01021,annual,REDUCE,2026-01-25,1,2026-04-07,72,true,true
1139,S01025,annual,CANCEL,2024-12-21,1,2025-12-03,347,true,true
2489,S01027,annual,REDUCE,2025-05-27,1,2026-02-19,268,true,false
5418,S01027,annual,REDUCE,2026-02-09,1,2026-02-19,10,true,true
6591,S01029,monthly,REDUCE,2026-05-03,18,2026-06-02,30,true,true
1942,S01030,annual,REDUCE,2025-03-30,1,2025-09-06,160,true,false
2179,S01030,annual,ADD,2025-04-21,1,2025-09-06,138,true,true
958,S01033,monthly,REDUCE,2024-11-29,4,2024-12-27,28,true,true
3932,S01034,annual,CANCEL,2025-10-08,1,2025-12-10,63,true,true
3367,S01039,annual,REDUCE,2025-08-18,1,2025-12-06,110,true,true
4128,S01048,monthly,CANCEL,2025-10-27,15,2025-11-18,22,true,true
2692,S01049,annual,REDUCE,2025-06-17,1,2026-02-22,250,true,true
6912,S01049,annual,REDUCE,2026-05-24,2,2027-02-22,274,false,false
5332,S01057,monthly,CANCEL,2026-02-02,12,2026-02-16,14,true,true
2030,S01059,monthly,REDUCE,2025-04-07,6,2025-05-05,28,true,true
3569,S01059,monthly,CANCEL,2025-09-05,11,2025-10-05,30,true,true
3956,S01062,monthly,REDUCE,2025-10-11,9,2025-10-19,8,true,true
5291,S01062,monthly,REDUCE,2026-01-30,13,2026-02-19,20,true,true
7437,S01062,monthly,REDUCE,2026-06-27,18,2026-07-19,22,false,false
4837,S01063,monthly,REDUCE,2025-12-25,9,2026-01-05,11,true,true
6370,S01067,annual,REDUCE,2026-04-17,2,2026-11-09,206,false,false
1618,S01068,monthly,REDUCE,2025-02-21,3,2025-03-19,26,true,true
2571,S01069,annual,CANCEL,2025-06-05,1,2025-07-10,35,true,true
5713,S01071,annual,CANCEL,2026-03-01,1,2027-01-16,321,false,false
4487,S01076,annual,REDUCE,2025-11-26,1,2026-11-23,362,false,false
5205,S01083,annual,CANCEL,2026-01-24,1,2026-08-12,200,false,false
2194,S01084,annual,REDUCE,2025-04-23,1,2025-12-28,249,true,true
2248,S01088,annual,REDUCE,2025-04-29,1,2025-08-08,101,true,false
2610,S01088,annual,ADD,2025-06-08,1,2025-08-08,61,true,true
2652,S01089,annual,CANCEL,2025-06-12,1,2026-01-24,226,true,true
7387,S01094,monthly,CANCEL,2026-06-24,4,2026-06-26,2,true,true
3059,S01097,annual,CANCEL,2025-07-20,1,2025-12-23,156,true,true
3145,S01098,annual,CANCEL,2025-07-29,1,2025-12-10,134,true,true
3861,S01104,annual,REDUCE,2025-10-02,1,2025-11-09,38,true,true
6218,S01104,annual,REDUCE,2026-04-06,2,2026-11-09,217,false,false
7186,S01115,annual,CANCEL,2026-06-11,1,2027-04-06,299,false,false
6357,S01117,annual,REDUCE,2026-04-16,1,2026-08-03,109,false,false
837,S01120,monthly,REDUCE,2024-11-12,4,2024-12-08,26,true,true
4597,S01122,monthly,REDUCE,2025-12-06,6,2025-12-09,3,true,true
6722,S01122,monthly,REDUCE,2026-05-11,12,2026-06-09,29,true,true
6517,S01125,annual,CANCEL,2026-04-27,1,2026-12-02,219,false,false
6480,S01126,annual,REDUCE,2026-04-24,2,2027-04-03,344,false,false
4811,S01131,monthly,REDUCE,2025-12-23,11,2026-01-16,24,true,true
5467,S01135,annual,REDUCE,2026-02-13,2,2026-10-24,253,false,false
7148,S01149,annual,REDUCE,2026-06-09,1,2026-06-11,2,true,true
7201,S01155,monthly,REDUCE,2026-06-12,1,2026-06-30,18,true,true
3130,S01156,monthly,CANCEL,2025-07-28,11,2025-08-27,30,true,true
1753,S01158,annual,REDUCE,2025-03-09,1,2026-03-05,361,true,false
4682,S01158,annual,ADD,2025-12-13,1,2026-03-05,82,true,true
3146,S01167,monthly,CANCEL,2025-07-29,7,2025-08-06,8,true,true
7111,S01168,annual,CANCEL,2026-06-06,1,2027-01-09,217,false,false
1233,S01171,monthly,REDUCE,2025-01-02,2,2025-01-11,9,true,true
5241,S01173,monthly,REDUCE,2026-01-26,3,2026-02-11,16,true,true
6024,S01174,annual,REDUCE,2026-03-23,2,2026-09-22,183,false,false
6462,S01174,annual,CANCEL,2026-04-23,2,2026-09-22,152,false,false
6592,S01177,annual,REDUCE,2026-05-03,2,2026-11-04,185,false,false
2848,S01181,annual,CANCEL,2025-06-30,1,2026-05-21,325,true,true
4059,S01186,monthly,REDUCE,2025-10-20,3,2025-11-11,22,true,true
2880,S01188,monthly,REDUCE,2025-07-02,5,2025-07-17,15,true,true
2041,S01190,monthly,CANCEL,2025-04-09,5,2025-05-01,22,true,true
5059,S01198,monthly,CANCEL,2026-01-13,15,2026-01-17,4,true,true
6532,S01202,annual,CANCEL,2026-04-28,1,2027-03-18,324,false,false
505,S01204,monthly,REDUCE,2024-09-26,2,2024-10-06,10,true,true
1517,S01205,annual,CANCEL,2025-02-09,1,2025-10-22,255,true,true
6103,S01207,monthly,REDUCE,2026-03-29,6,2026-04-09,11,true,true
5060,S01209,annual,CANCEL,2026-01-13,2,2026-07-08,176,false,false
3033,S01210,annual,REDUCE,2025-07-17,1,2025-10-15,90,true,true
4060,S01210,annual,CANCEL,2025-10-20,2,2026-10-15,360,false,false
4201,S01211,monthly,CANCEL,2025-11-02,2,2025-11-19,17,true,true
2822,S01220,annual,REDUCE,2025-06-28,1,2026-03-24,269,true,true
4428,S01221,annual,REDUCE,2025-11-21,2,2026-10-12,325,false,false
7231,S01221,annual,CANCEL,2026-06-14,2,2026-10-12,120,false,false
3373,S01223,annual,REDUCE,2025-08-19,1,2026-08-04,350,false,false
7388,S01223,annual,ADD,2026-06-24,1,2026-08-04,41,false,false
3147,S01225,monthly,REDUCE,2025-07-29,12,2025-08-12,14,true,true
4186,S01231,annual,REDUCE,2025-11-01,1,2025-12-19,48,true,true
3826,S01234,monthly,REDUCE,2025-09-29,7,2025-10-04,5,true,true
3273,S01239,annual,CANCEL,2025-08-10,1,2026-06-18,312,true,true
5374,S01240,monthly,CANCEL,2026-02-05,12,2026-02-07,2,true,true
3669,S01247,annual,CANCEL,2025-09-14,1,2026-09-05,356,false,false
506,S01249,monthly,REDUCE,2024-09-26,1,2024-10-25,29,true,true
3887,S01252,annual,CANCEL,2025-10-04,1,2026-03-19,166,true,true
4224,S01254,annual,REDUCE,2025-11-04,1,2025-11-26,22,true,true
3747,S01258,monthly,REDUCE,2025-09-22,2,2025-09-23,1,true,true
1842,S01259,monthly,REDUCE,2025-03-20,1,2025-04-18,29,true,true
1364,S01261,monthly,REDUCE,2025-01-21,3,2025-02-09,19,true,true
4892,S01273,annual,REDUCE,2025-12-31,1,2026-07-26,207,false,false
4994,S01275,annual,REDUCE,2026-01-08,1,2026-02-15,38,true,true
2359,S01276,annual,REDUCE,2025-05-12,1,2026-05-06,359,true,true
5255,S01280,annual,CANCEL,2026-01-27,1,2027-01-20,358,false,false
5019,S01282,annual,REDUCE,2026-01-10,2,2026-10-04,267,false,false
2909,S01283,annual,REDUCE,2025-07-05,1,2025-07-10,5,true,true
5153,S01286,monthly,REDUCE,2026-01-20,16,2026-02-03,14,true,true
6675,S01286,monthly,REDUCE,2026-05-08,20,2026-06-03,26,true,true
4856,S01287,annual,REDUCE,2025-12-27,1,2026-12-26,364,false,false
5555,S01288,annual,REDUCE,2026-02-19,1,2026-10-06,229,false,false
3888,S01289,annual,REDUCE,2025-10-04,1,2026-02-28,147,true,true
5729,S01289,annual,CANCEL,2026-03-02,2,2027-02-28,363,false,false
5527,S01292,monthly,CANCEL,2026-02-17,14,2026-02-27,10,true,true
2625,S01296,annual,CANCEL,2025-06-09,1,2025-10-17,130,true,true
7100,S01300,monthly,CANCEL,2026-06-05,8,2026-07-01,26,false,false
5482,S01307,annual,REDUCE,2026-02-14,2,2026-09-17,215,false,false
4931,S01308,annual,CANCEL,2026-01-03,1,2026-10-28,298,false,false
1436,S01319,monthly,REDUCE,2025-01-31,3,2025-02-09,9,true,true
1853,S01319,monthly,CANCEL,2025-03-21,5,2025-04-09,19,true,true
801,S01322,monthly,CANCEL,2024-11-08,1,2024-11-18,10,true,true
1005,S01328,annual,CANCEL,2024-12-04,1,2025-11-22,353,true,true
5998,S01330,annual,REDUCE,2026-03-21,2,2027-02-20,336,false,false
7202,S01331,monthly,REDUCE,2026-06-12,13,2026-06-24,12,true,true
3352,S01337,monthly,REDUCE,2025-08-17,9,2025-08-22,5,true,true
6710,S01338,monthly,REDUCE,2026-05-10,16,2026-05-17,7,true,true
6123,S01339,annual,CANCEL,2026-03-30,1,2027-03-25,360,false,false
998,S01342,monthly,CANCEL,2024-12-03,3,2024-12-15,12,true,true
960,S01347,annual,CANCEL,2024-11-29,1,2025-11-24,360,true,true
5448,S01348,monthly,REDUCE,2026-02-12,14,2026-02-18,6,true,true
3832,S01352,annual,REDUCE,2025-09-30,2,2026-09-06,341,false,false
1474,S01353,monthly,CANCEL,2025-02-04,7,2025-02-27,23,true,true
2104,S01356,annual,REDUCE,2025-04-15,1,2025-09-11,149,true,true
4563,S01357,annual,CANCEL,2025-12-02,1,2026-07-11,221,false,false
5649,S01358,annual,REDUCE,2026-02-25,1,2026-03-04,7,true,true
666,S01359,annual,REDUCE,2024-10-21,1,2025-10-16,360,true,true
6502,S01362,monthly,REDUCE,2026-04-26,4,2026-05-22,26,true,true
7300,S01368,monthly,REDUCE,2026-06-19,7,2026-06-28,9,true,true
4902,S01369,monthly,REDUCE,2026-01-01,12,2026-01-18,17,true,true
5154,S01370,annual,REDUCE,2026-01-20,1,2026-04-06,76,true,true
2451,S01372,monthly,REDUCE,2025-05-23,8,2025-06-17,25,true,true
4390,S01379,annual,REDUCE,2025-11-18,2,2026-10-12,328,false,false
5050,S01383,monthly,CANCEL,2026-01-12,4,2026-02-03,22,true,true
7045,S01387,monthly,REDUCE,2026-06-01,10,2026-06-04,3,true,true
5385,S01389,annual,REDUCE,2026-02-06,1,2027-01-26,354,false,false
7137,S01393,annual,REDUCE,2026-06-08,2,2027-03-31,296,false,false
7324,S01398,monthly,REDUCE,2026-06-20,4,2026-07-05,15,false,false
5441,S01400,monthly,REDUCE,2026-02-11,13,2026-03-03,20,true,true
5429,S01403,annual,REDUCE,2026-02-10,1,2026-10-01,233,false,false
6049,S01403,annual,REDUCE,2026-03-25,1,2026-10-01,190,false,false
2970,S01405,annual,REDUCE,2025-07-11,1,2025-07-16,5,true,true
4046,S01412,monthly,REDUCE,2025-10-19,1,2025-11-18,30,true,true
6436,S01414,annual,CANCEL,2026-04-21,1,2027-03-09,322,false,false
760,S01415,annual,REDUCE,2024-11-03,1,2025-10-31,362,true,false
2154,S01415,annual,ADD,2025-04-19,1,2025-10-31,195,true,true
7122,S01417,monthly,REDUCE,2026-06-07,3,2026-06-09,2,true,true
7187,S01418,monthly,REDUCE,2026-06-11,7,2026-06-27,16,true,true
6856,S01422,monthly,REDUCE,2026-05-20,14,2026-06-17,28,true,true
7101,S01424,annual,CANCEL,2026-06-05,1,2027-04-30,329,false,false
2601,S01425,annual,REDUCE,2025-06-07,1,2026-03-12,278,true,true
5493,S01427,monthly,REDUCE,2026-02-15,2,2026-03-06,19,true,true
3815,S01428,annual,CANCEL,2025-09-28,1,2026-07-16,291,false,false
3785,S01433,annual,REDUCE,2025-09-25,1,2026-09-02,342,false,false
6518,S01435,monthly,CANCEL,2026-04-27,6,2026-05-04,7,true,true
2611,S01436,monthly,REDUCE,2025-06-08,11,2025-07-02,24,true,true
4501,S01436,monthly,REDUCE,2025-11-27,16,2025-12-02,5,true,true
6165,S01437,monthly,CANCEL,2026-04-02,11,2026-04-25,23,true,true
3119,S01438,monthly,REDUCE,2025-07-27,12,2025-08-14,18,true,true
4070,S01442,monthly,REDUCE,2025-10-21,4,2025-10-25,4,true,true
4202,S01444,annual,CANCEL,2025-11-02,1,2026-02-05,95,true,true
3644,S01445,annual,REDUCE,2025-09-12,1,2025-10-19,37,true,true
567,S01446,monthly,REDUCE,2024-10-06,3,2024-10-19,13,true,true
1510,S01446,monthly,REDUCE,2025-02-08,7,2025-02-19,11,true,true
3683,S01447,monthly,REDUCE,2025-09-16,6,2025-10-01,15,true,true
568,S01448,annual,REDUCE,2024-10-06,1,2025-09-03,332,true,true
6026,S01448,annual,REDUCE,2026-03-23,2,2026-09-03,164,false,false
1212,S01456,annual,REDUCE,2024-12-31,1,2025-12-24,358,true,true
4047,S01464,annual,REDUCE,2025-10-19,1,2026-02-06,110,true,true
3655,S01465,annual,CANCEL,2025-09-13,1,2026-03-06,174,true,true
4635,S01468,monthly,REDUCE,2025-12-09,4,2025-12-23,14,true,true
7150,S01473,monthly,REDUCE,2026-06-09,6,2026-06-18,9,true,true
2366,S01475,annual,REDUCE,2025-05-14,1,2025-07-16,63,true,true
3384,S01475,annual,REDUCE,2025-08-20,2,2026-07-16,330,false,false
3670,S01480,annual,REDUCE,2025-09-14,1,2026-05-11,239,true,true
4749,S01485,monthly,CANCEL,2025-12-18,6,2025-12-30,12,true,true
3494,S01487,annual,CANCEL,2025-08-29,1,2025-11-21,84,true,true
2417,S01489,annual,REDUCE,2025-05-20,1,2026-03-07,291,true,true
6503,S01489,annual,CANCEL,2026-04-26,2,2027-03-07,315,false,false
7219,S01490,monthly,CANCEL,2026-06-13,12,2026-07-02,19,false,false
4570,S01495,annual,REDUCE,2025-12-03,1,2026-01-30,58,true,true
748,S01498,monthly,REDUCE,2024-11-01,2,2024-11-06,5,true,true
6244,S01498,monthly,REDUCE,2026-04-08,20,2026-05-06,28,true,true
5731,S01508,monthly,REDUCE,2026-03-02,6,2026-04-02,31,true,true
4085,S01511,monthly,REDUCE,2025-10-23,4,2025-10-30,7,true,true
4849,S01511,monthly,REDUCE,2025-12-26,6,2025-12-30,4,true,true
2297,S01515,annual,REDUCE,2025-05-05,1,2025-10-12,160,true,true
4284,S01516,annual,CANCEL,2025-11-09,1,2025-12-10,31,true,true
5804,S01517,annual,REDUCE,2026-03-07,1,2026-09-15,192,false,false
4448,S01522,annual,REDUCE,2025-11-23,1,2026-11-18,360,false,false
4554,S01522,annual,ADD,2025-12-01,1,2026-11-18,352,false,false
4903,S01522,annual,REDUCE,2026-01-01,1,2026-11-18,321,false,false
5528,S01522,annual,REDUCE,2026-02-17,1,2026-11-18,274,false,false
6952,S01524,monthly,REDUCE,2026-05-26,4,2026-06-23,28,true,true
2475,S01527,annual,REDUCE,2025-05-25,1,2025-12-23,212,true,true
2726,S01535,annual,REDUCE,2025-06-21,1,2025-08-09,49,true,true
2559,S01546,annual,REDUCE,2025-06-04,1,2025-12-13,192,true,true
6534,S01546,annual,REDUCE,2026-04-28,2,2026-12-13,229,false,false
5062,S01550,monthly,CANCEL,2026-01-13,15,2026-01-28,15,true,true
3889,S01553,monthly,REDUCE,2025-10-04,3,2025-10-06,2,true,true
7290,S01553,monthly,REDUCE,2026-06-18,12,2026-07-06,18,false,false
6640,S01554,annual,REDUCE,2026-05-06,1,2026-07-23,78,false,false
6870,S01555,monthly,REDUCE,2026-05-21,10,2026-06-13,23,true,true
579,S01557,monthly,CANCEL,2024-10-08,4,2024-11-02,25,true,true
5408,S01559,monthly,REDUCE,2026-02-08,1,2026-03-07,27,true,true
4750,S01561,annual,REDUCE,2025-12-18,1,2026-11-26,343,false,false
5269,S01569,monthly,CANCEL,2026-01-28,12,2026-02-06,9,true,true
2933,S01573,monthly,REDUCE,2025-07-07,2,2025-08-04,28,true,true
5870,S01573,monthly,REDUCE,2026-03-12,10,2026-04-04,23,true,true
2439,S01574,monthly,REDUCE,2025-05-22,11,2025-06-20,29,true,true
6358,S01574,monthly,REDUCE,2026-04-16,21,2026-04-20,4,true,true
3019,S01579,monthly,REDUCE,2025-07-16,4,2025-08-08,23,true,true
5226,S01579,monthly,CANCEL,2026-01-25,10,2026-02-08,14,true,true
5984,S01582,annual,REDUCE,2026-03-20,1,2026-07-17,119,false,false
7244,S01584,monthly,CANCEL,2026-06-15,9,2026-06-20,5,true,true
7292,S01586,annual,REDUCE,2026-06-18,1,2027-03-28,283,false,false
5714,S01591,annual,CANCEL,2026-03-01,2,2026-11-04,248,false,false
4502,S01592,monthly,REDUCE,2025-11-27,17,2025-12-06,9,true,true
6409,S01597,annual,REDUCE,2026-04-19,1,2026-07-03,75,false,false
7407,S01599,monthly,CANCEL,2026-06-25,10,2026-07-18,23,false,false
3148,S01605,annual,REDUCE,2025-07-29,1,2025-10-20,83,true,true
4338,S01608,annual,CANCEL,2025-11-14,2,2026-08-09,268,false,false
3344,S01616,annual,REDUCE,2025-08-16,1,2025-12-08,114,true,true
2658,S01618,monthly,CANCEL,2025-06-13,2,2025-06-24,11,true,true
6232,S01626,monthly,REDUCE,2026-04-07,1,2026-04-16,9,true,true
2954,S01630,annual,CANCEL,2025-07-10,2,2026-07-09,364,false,false
2289,S01631,monthly,REDUCE,2025-05-04,7,2025-05-25,21,true,true
4203,S01633,monthly,REDUCE,2025-11-02,15,2025-12-01,29,true,true
1722,S01635,annual,CANCEL,2025-03-05,1,2025-07-20,137,true,true
4618,S01640,annual,CANCEL,2025-12-08,1,2026-10-21,317,false,false
3646,S01641,monthly,CANCEL,2025-09-12,14,2025-09-20,8,true,true
2500,S01644,monthly,REDUCE,2025-05-28,10,2025-06-04,7,true,true
3156,S01644,monthly,REDUCE,2025-07-30,12,2025-08-04,5,true,true
2511,S01648,annual,CANCEL,2025-05-29,1,2025-10-22,146,true,true
5342,S01663,monthly,REDUCE,2026-02-03,5,2026-02-14,11,true,true
5136,S01667,annual,REDUCE,2026-01-19,1,2026-05-09,110,true,false
5871,S01667,annual,ADD,2026-03-12,1,2026-05-09,58,true,true
6345,S01669,annual,REDUCE,2026-04-15,1,2027-01-22,282,false,false
476,S01674,monthly,CANCEL,2024-09-22,1,2024-10-09,17,true,true
200,S01677,annual,CANCEL,2024-08-07,1,2025-07-26,353,true,true
1357,S01679,annual,CANCEL,2025-01-20,1,2026-01-02,347,true,true
5715,S01680,monthly,REDUCE,2026-03-01,2,2026-03-14,13,true,true
605,S01689,annual,CANCEL,2024-10-12,1,2025-07-26,287,true,true
5650,S01692,annual,CANCEL,2026-02-25,1,2026-06-28,123,true,true
5320,S01693,monthly,REDUCE,2026-02-01,1,2026-02-17,16,true,true
1350,S01694,monthly,CANCEL,2025-01-19,6,2025-02-13,25,true,true
6953,S01697,annual,CANCEL,2026-05-26,1,2026-07-12,47,false,false
3924,S01699,monthly,CANCEL,2025-10-07,2,2025-10-20,13,true,true
2994,S01700,annual,CANCEL,2025-07-13,1,2025-11-12,122,true,true
3979,S01701,monthly,REDUCE,2025-10-13,1,2025-11-07,25,true,true
6182,S01701,monthly,REDUCE,2026-04-03,6,2026-04-07,4,true,true
4503,S01702,monthly,REDUCE,2025-11-27,1,2025-12-25,28,true,true
3108,S01709,monthly,CANCEL,2025-07-26,4,2025-08-21,26,true,true
5090,S01710,monthly,REDUCE,2026-01-15,10,2026-02-15,31,true,true
4701,S01715,monthly,CANCEL,2025-12-14,3,2026-01-08,25,true,true
905,S01717,monthly,REDUCE,2024-11-22,2,2024-12-08,16,true,true
4738,S01717,monthly,REDUCE,2025-12-17,15,2026-01-08,22,true,true
3605,S01730,annual,REDUCE,2025-09-08,1,2026-08-27,353,false,false
1175,S01731,monthly,CANCEL,2024-12-25,4,2025-01-12,18,true,true
7440,S01733,annual,REDUCE,2026-06-27,2,2027-06-09,347,false,false
7084,S01736,monthly,CANCEL,2026-06-04,15,2026-06-07,3,true,true
500,S01743,monthly,CANCEL,2024-09-25,1,2024-10-07,12,true,true
6797,S01746,monthly,CANCEL,2026-05-16,7,2026-05-28,12,true,true
961,S01749,monthly,REDUCE,2024-11-29,5,2024-12-11,12,true,true
2165,S01749,monthly,CANCEL,2025-04-20,10,2025-05-11,21,true,true
1105,S01755,monthly,CANCEL,2024-12-18,3,2025-01-16,29,true,true
5375,S01756,monthly,CANCEL,2026-02-05,1,2026-02-17,12,true,true
5301,S01763,monthly,REDUCE,2026-01-31,6,2026-02-21,21,true,true
6723,S01766,annual,REDUCE,2026-05-11,1,2026-10-11,153,false,false
6693,S01767,monthly,CANCEL,2026-05-09,3,2026-06-09,31,true,true
6359,S01768,annual,REDUCE,2026-04-16,2,2027-01-06,265,false,false
6327,S01774,annual,REDUCE,2026-04-14,1,2026-09-27,166,false,false
7389,S01779,monthly,REDUCE,2026-06-24,3,2026-06-30,6,true,true
2249,S01786,annual,REDUCE,2025-04-29,1,2026-03-20,325,true,true
7325,S01787,annual,CANCEL,2026-06-20,2,2026-12-16,179,false,false
1165,S01795,annual,REDUCE,2024-12-24,1,2025-09-30,280,true,true
4800,S01797,monthly,CANCEL,2025-12-22,7,2026-01-15,24,true,true
2971,S01809,annual,CANCEL,2025-07-11,1,2026-06-24,348,true,true
1447,S01810,monthly,REDUCE,2025-02-01,3,2025-02-06,5,true,true
5586,S01810,monthly,CANCEL,2026-02-21,16,2026-03-06,13,true,true
4619,S01812,monthly,REDUCE,2025-12-08,2,2025-12-12,4,true,true
6266,S01813,annual,REDUCE,2026-04-09,2,2026-09-05,149,false,false
323,S01814,annual,REDUCE,2024-08-30,1,2025-07-27,331,true,true
3944,S01818,annual,REDUCE,2025-10-09,1,2025-12-23,75,true,true
4649,S01822,monthly,REDUCE,2025-12-10,2,2026-01-04,25,true,true
4932,S01823,monthly,REDUCE,2026-01-03,10,2026-01-26,23,true,true
2995,S01829,monthly,CANCEL,2025-07-13,8,2025-07-19,6,true,true
7027,S01830,monthly,CANCEL,2026-05-31,4,2026-06-25,25,true,true
4286,S01837,annual,REDUCE,2025-11-09,1,2025-12-29,50,true,true
611,S01840,annual,CANCEL,2024-10-13,1,2025-08-17,308,true,true
2205,S01848,annual,REDUCE,2025-04-24,1,2026-04-22,363,true,false
2555,S01848,annual,CANCEL,2025-06-03,1,2026-04-22,323,true,true
2224,S01849,monthly,REDUCE,2025-04-26,5,2025-05-02,6,true,true
6464,S01863,annual,REDUCE,2026-04-23,1,2027-03-21,332,false,false
7173,S01869,annual,REDUCE,2026-06-10,1,2027-04-04,298,false,false
4541,S01870,annual,REDUCE,2025-11-30,1,2026-10-09,313,false,false
5751,S01873,annual,CANCEL,2026-03-03,1,2027-02-05,339,false,false
177,S01882,annual,CANCEL,2024-08-03,1,2025-07-18,349,true,true
6058,S01883,monthly,REDUCE,2026-03-26,1,2026-04-01,6,true,true
7467,S01887,annual,REDUCE,2026-06-29,1,2027-02-04,220,false,false
5985,S01890,annual,REDUCE,2026-03-20,1,2026-09-24,188,false,false
3949,S01892,annual,CANCEL,2025-10-10,2,2026-08-29,323,false,false
4015,S01895,monthly,REDUCE,2025-10-16,4,2025-10-23,7,true,true
3228,S01900,annual,REDUCE,2025-08-05,1,2026-03-08,215,true,false
3633,S01900,annual,ADD,2025-09-11,1,2026-03-08,178,true,true
3504,S01901,monthly,REDUCE,2025-08-30,1,2025-09-25,26,true,true
7449,S01902,annual,REDUCE,2026-06-28,2,2027-06-05,342,false,false
6997,S01907,monthly,CANCEL,2026-05-29,10,2026-06-03,5,true,true
5243,S01908,monthly,CANCEL,2026-01-26,5,2026-01-27,1,true,true
3229,S01910,annual,REDUCE,2025-08-05,1,2026-01-16,164,true,true
5228,S01910,annual,REDUCE,2026-01-25,2,2027-01-16,356,false,false
4429,S01914,annual,REDUCE,2025-11-21,1,2026-05-25,185,true,true
5651,S01919,monthly,REDUCE,2026-02-25,2,2026-03-14,17,true,true
3552,S01921,monthly,CANCEL,2025-09-03,6,2025-09-15,12,true,true
6885,S01924,monthly,REDUCE,2026-05-22,6,2026-05-27,5,true,true
3247,S01929,monthly,REDUCE,2025-08-07,1,2025-08-09,2,true,true
7123,S01935,annual,REDUCE,2026-06-07,1,2027-05-19,346,false,false
3834,S01941,monthly,REDUCE,2025-09-30,13,2025-10-04,4,true,true
6611,S01941,monthly,CANCEL,2026-05-04,21,2026-06-04,31,true,true
2866,S01949,monthly,REDUCE,2025-07-01,3,2025-07-15,14,true,true
3671,S01949,monthly,CANCEL,2025-09-14,5,2025-09-15,1,true,true
6998,S01964,monthly,REDUCE,2026-05-29,12,2026-06-26,28,true,true
1724,S01966,annual,CANCEL,2025-03-05,1,2025-07-25,142,true,true
658,S01967,annual,REDUCE,2024-10-20,1,2025-09-09,324,true,true
1044,S01980,annual,CANCEL,2024-12-09,1,2025-08-31,265,true,true
2560,S01985,monthly,REDUCE,2025-06-04,7,2025-06-08,4,true,true
4801,S01985,monthly,REDUCE,2025-12-22,14,2026-01-08,17,true,true
7375,S01985,monthly,CANCEL,2026-06-23,20,2026-07-08,15,false,false
7086,S01986,annual,REDUCE,2026-06-04,1,2027-02-14,255,false,false
1130,S01987,annual,REDUCE,2024-12-20,1,2025-12-17,362,true,false
3748,S01987,annual,CANCEL,2025-09-22,1,2025-12-17,86,true,true
2386,S01990,annual,CANCEL,2025-05-16,1,2025-12-16,214,true,true
2351,S01993,annual,REDUCE,2025-05-11,1,2026-04-05,329,true,false
5531,S01993,annual,CANCEL,2026-02-17,1,2026-04-05,47,true,true
3369,S01997,annual,REDUCE,2025-08-18,1,2026-08-04,351,false,false
7357,S02002,annual,CANCEL,2026-06-22,1,2027-05-09,321,false,false
3621,S02004,annual,REDUCE,2025-09-10,1,2025-11-02,53,true,true
3165,S02008,monthly,REDUCE,2025-07-31,11,2025-08-27,27,true,true
5700,S02013,monthly,CANCEL,2026-02-28,7,2026-03-22,22,true,true
5450,S02017,monthly,REDUCE,2026-02-12,12,2026-02-20,8,true,true
4850,S02026,annual,CANCEL,2025-12-26,2,2026-10-12,290,false,false
5805,S02027,annual,REDUCE,2026-03-07,2,2026-10-30,237,false,false
5469,S02029,annual,REDUCE,2026-02-13,1,2026-09-03,202,false,false
7071,S02029,annual,REDUCE,2026-06-03,1,2026-09-03,92,false,false
985,S02035,monthly,REDUCE,2024-12-01,3,2024-12-10,9,true,true
2934,S02035,monthly,REDUCE,2025-07-07,10,2025-07-10,3,true,true
3749,S02035,monthly,REDUCE,2025-09-22,13,2025-10-10,18,true,true
4188,S02035,monthly,REDUCE,2025-11-01,14,2025-11-10,9,true,true
6328,S02037,monthly,CANCEL,2026-04-14,12,2026-04-24,10,true,true
6124,S02038,monthly,REDUCE,2026-03-30,7,2026-04-14,15,true,true
4786,S02039,monthly,CANCEL,2025-12-21,7,2026-01-18,28,true,true
2795,S02044,monthly,CANCEL,2025-06-26,1,2025-07-12,16,true,true
4225,S02045,annual,REDUCE,2025-11-04,1,2026-10-26,356,false,false
3093,S02047,monthly,CANCEL,2025-07-24,6,2025-08-04,11,true,true
1741,S02050,annual,REDUCE,2025-03-07,1,2025-10-13,220,true,true
7235,S02052,annual,CANCEL,2026-06-14,1,2027-04-27,317,false,false
3455,S02055,monthly,REDUCE,2025-08-26,2,2025-09-06,11,true,true
1779,S02065,monthly,REDUCE,2025-03-12,4,2025-04-07,26,true,true
5302,S02067,monthly,CANCEL,2026-01-31,1,2026-02-25,25,true,true
6465,S02069,annual,REDUCE,2026-04-23,2,2027-03-26,337,false,false
3634,S02070,monthly,REDUCE,2025-09-11,4,2025-09-28,17,true,true
3404,S02072,monthly,CANCEL,2025-08-22,7,2025-09-15,24,true,true
5020,S02073,monthly,REDUCE,2026-01-10,6,2026-02-02,23,true,true
6013,S02073,monthly,REDUCE,2026-03-22,8,2026-04-02,11,true,true
2061,S02081,annual,REDUCE,2025-04-11,1,2026-02-12,307,true,true
5065,S02087,annual,REDUCE,2026-01-13,1,2027-01-08,360,false,false
5021,S02089,annual,CANCEL,2026-01-10,2,2026-11-01,295,false,false
5652,S02100,annual,REDUCE,2026-02-25,1,2026-07-07,132,false,false
6567,S02101,annual,REDUCE,2026-05-01,1,2027-03-19,322,false,false
5452,S02104,monthly,REDUCE,2026-02-12,14,2026-02-28,16,true,true
4802,S02106,annual,REDUCE,2025-12-22,1,2026-10-07,289,false,false
4582,S02107,annual,CANCEL,2025-12-04,1,2026-05-28,175,true,true
4859,S02122,annual,REDUCE,2025-12-27,1,2026-10-01,278,false,false
5470,S02129,monthly,REDUCE,2026-02-13,15,2026-03-09,24,true,true
2206,S02130,annual,REDUCE,2025-04-24,1,2025-09-22,151,true,true
3505,S02131,annual,CANCEL,2025-08-30,1,2026-06-10,284,true,true
3704,S02132,annual,REDUCE,2025-09-18,2,2026-07-18,303,false,false
4176,S02132,annual,ADD,2025-10-31,2,2026-07-18,260,false,false
3353,S02135,monthly,REDUCE,2025-08-17,7,2025-09-09,23,true,false
3553,S02135,monthly,REDUCE,2025-09-03,7,2025-09-09,6,true,true
4531,S02136,annual,REDUCE,2025-11-29,1,2026-09-05,280,false,false
5701,S02137,annual,REDUCE,2026-02-28,1,2026-07-24,146,false,false
5944,S02145,monthly,REDUCE,2026-03-17,14,2026-03-28,11,true,true
3951,S02147,annual,REDUCE,2025-10-10,1,2026-03-31,172,true,true
6498,S02150,annual,CANCEL,2026-04-25,1,2027-03-15,324,false,false
7450,S02151,annual,CANCEL,2026-06-28,2,2026-09-27,91,false,false
5790,S02152,monthly,CANCEL,2026-03-06,2,2026-03-28,22,true,true
4414,S02164,annual,CANCEL,2025-11-20,1,2026-06-07,199,true,true
2982,S02165,annual,REDUCE,2025-07-12,1,2026-06-26,349,true,true
5930,S02169,annual,REDUCE,2026-03-16,1,2026-07-17,123,false,false
4620,S02173,annual,REDUCE,2025-12-08,2,2026-11-14,341,false,false
1019,S02181,annual,REDUCE,2024-12-06,1,2025-07-17,223,true,true
2180,S02182,monthly,REDUCE,2025-04-21,5,2025-04-28,7,true,true
2075,S02183,monthly,REDUCE,2025-04-12,1,2025-04-30,18,true,true
1711,S02184,annual,CANCEL,2025-03-04,1,2025-10-22,232,true,true
7391,S02186,monthly,REDUCE,2026-06-24,22,2026-07-22,28,false,false
2823,S02199,monthly,REDUCE,2025-06-28,10,2025-07-28,30,true,true
4316,S02201,monthly,REDUCE,2025-11-12,9,2025-12-03,21,true,true
4610,S02204,monthly,REDUCE,2025-12-07,5,2026-01-01,25,true,true
6798,S02206,annual,REDUCE,2026-05-16,2,2026-12-28,226,false,false
7236,S02212,annual,REDUCE,2026-06-14,1,2027-05-01,321,false,false
2050,S02215,annual,REDUCE,2025-04-10,1,2026-02-01,297,true,true
1619,S02218,annual,REDUCE,2025-02-21,1,2025-12-05,287,true,true
3103,S02220,annual,REDUCE,2025-07-25,1,2026-02-03,193,true,true
6659,S02221,annual,REDUCE,2026-05-07,1,2027-04-16,344,false,false
3725,S02224,annual,REDUCE,2025-09-20,1,2026-02-24,157,true,true
2482,S02226,monthly,REDUCE,2025-05-26,11,2025-06-11,16,true,true
2407,S02231,annual,REDUCE,2025-05-19,1,2026-01-22,248,true,false
3959,S02231,annual,ADD,2025-10-11,1,2026-01-22,103,true,true
6394,S02231,annual,REDUCE,2026-04-18,2,2027-01-22,279,false,false
7028,S02232,monthly,CANCEL,2026-05-31,3,2026-06-08,8,true,true
3980,S02236,annual,REDUCE,2025-10-13,1,2026-06-02,232,true,true
697,S02237,annual,REDUCE,2024-10-25,1,2025-09-30,340,true,false
2119,S02237,annual,CANCEL,2025-04-16,1,2025-09-30,167,true,true
3726,S02243,monthly,CANCEL,2025-09-20,9,2025-10-10,20,true,true
962,S02244,annual,CANCEL,2024-11-29,1,2025-09-29,304,true,true
5900,S02245,monthly,REDUCE,2026-03-14,19,2026-03-28,14,true,true
6557,S02249,annual,REDUCE,2026-04-30,1,2026-07-31,92,false,false
3817,S02250,monthly,CANCEL,2025-09-28,1,2025-10-27,29,true,true
4177,S02251,monthly,REDUCE,2025-10-31,1,2025-11-25,25,true,true
6105,S02251,monthly,CANCEL,2026-03-29,6,2026-04-25,27,true,true
5774,S02256,monthly,REDUCE,2026-03-05,12,2026-03-27,22,true,true
6314,S02259,annual,REDUCE,2026-04-13,1,2026-10-25,195,false,false
5081,S02261,monthly,REDUCE,2026-01-14,2,2026-02-14,31,true,true
7392,S02266,annual,REDUCE,2026-06-24,2,2027-04-04,284,false,false
546,S02267,monthly,REDUCE,2024-10-01,1,2024-10-27,26,true,true
3528,S02267,monthly,REDUCE,2025-09-01,12,2025-09-27,26,true,true
5872,S02267,monthly,REDUCE,2026-03-12,18,2026-03-27,15,true,true
6915,S02268,annual,REDUCE,2026-05-24,1,2027-05-18,359,false,false
3570,S02270,annual,CANCEL,2025-09-05,1,2026-03-13,189,true,true
6233,S02272,monthly,CANCEL,2026-04-07,8,2026-04-26,19,true,true
91,S02275,monthly,REDUCE,2024-07-18,1,2024-08-13,26,true,true
1239,S02276,annual,CANCEL,2025-01-03,1,2025-08-24,233,true,true
2727,S02278,annual,REDUCE,2025-06-21,1,2026-03-04,256,true,true
3074,S02280,annual,REDUCE,2025-07-22,1,2026-05-17,299,true,false
3529,S02280,annual,CANCEL,2025-09-01,1,2026-05-17,258,true,true
2463,S02283,monthly,REDUCE,2025-05-24,10,2025-06-24,31,true,true
7358,S02287,annual,REDUCE,2026-06-22,1,2026-10-29,129,false,false
5682,S02292,annual,REDUCE,2026-02-27,1,2026-04-07,39,true,true
7124,S02305,annual,CANCEL,2026-06-07,1,2026-10-14,129,false,false
4651,S02306,monthly,REDUCE,2025-12-10,5,2025-12-29,19,true,true
5644,S02307,monthly,CANCEL,2026-02-24,11,2026-03-14,18,true,true
4996,S02314,monthly,CANCEL,2026-01-08,1,2026-02-06,29,true,true
1419,S02315,annual,REDUCE,2025-01-29,1,2025-07-03,155,true,true
1183,S02320,annual,REDUCE,2024-12-26,1,2025-11-14,323,true,true
3613,S02322,monthly,CANCEL,2025-09-09,3,2025-10-04,25,true,true
7376,S02323,monthly,CANCEL,2026-06-23,7,2026-06-28,5,true,true
4098,S02324,annual,REDUCE,2025-10-24,1,2026-09-10,321,false,false
5806,S02327,monthly,REDUCE,2026-03-07,9,2026-03-24,17,true,true
3890,S02328,annual,REDUCE,2025-10-04,1,2026-09-14,345,false,false
4048,S02329,annual,REDUCE,2025-10-19,1,2026-04-23,186,true,true
2850,S02332,annual,REDUCE,2025-06-30,1,2026-01-11,195,true,true
3075,S02334,annual,REDUCE,2025-07-22,1,2026-06-06,319,true,true
4838,S02337,annual,REDUCE,2025-12-25,1,2026-12-09,349,false,false
4287,S02343,monthly,REDUCE,2025-11-09,14,2025-11-15,6,true,true
324,S02344,monthly,REDUCE,2024-08-30,1,2024-09-23,24,true,true
6075,S02344,monthly,CANCEL,2026-03-27,20,2026-04-23,27,true,true
3647,S02345,annual,REDUCE,2025-09-12,1,2026-02-25,166,true,true
6815,S02346,annual,REDUCE,2026-05-17,1,2027-01-20,248,false,false
1805,S02348,monthly,REDUCE,2025-03-15,7,2025-03-21,6,true,true
4365,S02350,annual,CANCEL,2025-11-16,1,2026-09-18,306,false,false
1121,S02352,annual,CANCEL,2024-12-19,1,2025-07-06,199,true,true
5556,S02353,annual,CANCEL,2026-02-19,1,2026-04-10,50,true,true
2996,S02354,monthly,CANCEL,2025-07-13,1,2025-08-05,23,true,true
1068,S02360,monthly,REDUCE,2024-12-12,2,2025-01-04,23,true,true
2441,S02363,monthly,REDUCE,2025-05-22,4,2025-06-19,28,true,true
1381,S02366,annual,CANCEL,2025-01-24,1,2026-01-14,355,true,true
4049,S02367,monthly,CANCEL,2025-10-19,12,2025-11-01,13,true,true
1816,S02375,annual,REDUCE,2025-03-17,1,2026-02-26,346,true,true
6725,S02375,annual,REDUCE,2026-05-11,2,2027-02-26,291,false,false
3614,S02377,monthly,REDUCE,2025-09-09,14,2025-09-28,19,true,true
1176,S02379,monthly,CANCEL,2024-12-25,1,2025-01-05,11,true,true
4078,S02381,annual,CANCEL,2025-10-22,2,2026-10-13,356,false,false
5023,S02383,annual,REDUCE,2026-01-10,1,2026-05-22,132,true,true
4147,S02385,monthly,CANCEL,2025-10-28,14,2025-11-24,27,true,true
4099,S02386,annual,REDUCE,2025-10-24,1,2025-12-28,65,true,true
999,S02387,annual,CANCEL,2024-12-03,1,2025-09-01,272,true,true
4636,S02388,monthly,CANCEL,2025-12-09,4,2026-01-07,29,true,true
869,S02393,monthly,REDUCE,2024-11-18,3,2024-12-13,25,true,true
4760,S02394,annual,CANCEL,2025-12-19,1,2026-05-16,148,true,true
4189,S02399,annual,CANCEL,2025-11-01,1,2025-12-19,48,true,true
5104,S02402,annual,CANCEL,2026-01-16,1,2026-11-21,309,false,false
6438,S02404,annual,REDUCE,2026-04-21,1,2026-10-23,185,false,false
2955,S02406,annual,CANCEL,2025-07-10,1,2026-06-18,343,true,true
3685,S02409,monthly,REDUCE,2025-09-16,11,2025-09-26,10,true,true
4214,S02409,monthly,CANCEL,2025-11-03,13,2025-11-26,23,true,true
1786,S02411,monthly,REDUCE,2025-03-13,4,2025-03-21,8,true,true
3517,S02412,annual,REDUCE,2025-08-31,1,2025-11-09,70,true,true
2299,S02424,monthly,REDUCE,2025-05-05,2,2025-05-06,1,true,true
3805,S02427,annual,CANCEL,2025-09-27,1,2025-12-20,84,true,true
6643,S02428,annual,REDUCE,2026-05-06,1,2026-09-01,118,false,false
5540,S02430,annual,REDUCE,2026-02-18,1,2027-01-18,334,false,false
5421,S02435,annual,REDUCE,2026-02-09,1,2026-09-08,211,false,false
6612,S02436,annual,REDUCE,2026-05-04,1,2026-09-14,133,false,false
2401,S02440,monthly,CANCEL,2025-05-18,4,2025-06-18,31,true,true
3076,S02443,monthly,REDUCE,2025-07-22,9,2025-08-07,16,true,true
6519,S02443,monthly,REDUCE,2026-04-27,18,2026-05-07,10,true,true
4543,S02444,annual,REDUCE,2025-11-30,1,2026-11-26,361,false,false
5572,S02444,annual,ADD,2026-02-20,1,2026-11-26,279,false,false
2627,S02453,monthly,REDUCE,2025-06-09,7,2025-06-15,6,true,true
7138,S02453,monthly,REDUCE,2026-06-08,19,2026-06-15,7,true,true
1358,S02457,monthly,REDUCE,2025-01-20,4,2025-01-22,2,true,true
1106,S02458,monthly,REDUCE,2024-12-18,4,2025-01-15,28,true,true
1854,S02458,monthly,REDUCE,2025-03-21,7,2025-04-15,25,true,true
2700,S02458,monthly,REDUCE,2025-06-18,10,2025-07-15,27,true,true
3237,S02458,monthly,REDUCE,2025-08-06,11,2025-08-15,9,true,true
6466,S02462,monthly,REDUCE,2026-04-23,2,2026-05-16,23,true,true
3060,S02463,annual,REDUCE,2025-07-20,1,2025-09-27,69,true,true
136,S02469,annual,CANCEL,2024-07-26,1,2025-07-04,343,true,true
1958,S02475,annual,CANCEL,2025-03-31,1,2026-01-05,280,true,true
6027,S02478,annual,REDUCE,2026-03-23,1,2026-10-18,209,false,false
1695,S02481,monthly,REDUCE,2025-03-02,5,2025-03-11,9,true,true
5155,S02481,monthly,CANCEL,2026-01-20,16,2026-02-11,22,true,true
4016,S02482,annual,CANCEL,2025-10-16,1,2026-06-06,233,true,true
4415,S02485,monthly,REDUCE,2025-11-20,6,2025-12-20,30,true,true
6981,S02489,annual,REDUCE,2026-05-28,1,2027-01-07,224,false,false
2814,S02494,annual,REDUCE,2025-06-27,1,2026-01-18,205,true,false
3067,S02494,annual,REDUCE,2025-07-21,1,2026-01-18,181,true,true
6845,S02499,monthly,REDUCE,2026-05-19,3,2026-06-15,27,true,true
6537,S02510,annual,CANCEL,2026-04-28,1,2026-04-30,2,true,true
3441,S02516,annual,REDUCE,2025-08-25,1,2026-08-23,363,false,false
6106,S02516,annual,ADD,2026-03-29,1,2026-08-23,147,false,false
2521,S02517,monthly,REDUCE,2025-05-30,11,2025-06-10,11,true,true
2273,S02528,monthly,CANCEL,2025-05-02,8,2025-05-17,15,true,true
2754,S02532,monthly,CANCEL,2025-06-23,1,2025-07-20,27,true,true
1899,S02543,monthly,REDUCE,2025-03-26,1,2025-04-15,20,true,true
4462,S02544,annual,REDUCE,2025-11-24,1,2026-10-07,317,false,false
4904,S02547,monthly,REDUCE,2026-01-01,2,2026-01-20,19,true,true
4787,S02548,annual,CANCEL,2025-12-21,1,2026-11-02,316,false,false
2321,S02552,annual,REDUCE,2025-05-08,1,2025-08-27,111,true,true
6246,S02552,annual,REDUCE,2026-04-08,2,2026-08-27,141,false,false
2291,S02556,monthly,REDUCE,2025-05-04,3,2025-05-15,11,true,true
6167,S02556,monthly,REDUCE,2026-04-02,14,2026-04-15,13,true,true
4080,S02557,annual,REDUCE,2025-10-22,1,2026-08-18,300,false,false
3879,S02559,annual,REDUCE,2025-10-03,2,2026-09-28,360,false,false
6549,S02559,annual,ADD,2026-04-29,2,2026-09-28,152,false,false
6726,S02564,annual,REDUCE,2026-05-11,1,2026-11-16,189,false,false
3387,S02565,monthly,REDUCE,2025-08-20,10,2025-09-14,25,true,true
5091,S02565,monthly,REDUCE,2026-01-15,15,2026-02-14,30,true,true
6679,S02565,monthly,REDUCE,2026-05-08,18,2026-05-14,6,true,true
6421,S02570,monthly,REDUCE,2026-04-20,7,2026-05-02,12,true,true
6183,S02572,monthly,REDUCE,2026-04-03,19,2026-04-21,18,true,true
6886,S02578,monthly,REDUCE,2026-05-22,1,2026-06-20,29,true,true
4722,S02580,monthly,CANCEL,2025-12-16,4,2025-12-28,12,true,true
5890,S02581,monthly,CANCEL,2026-03-13,13,2026-04-12,30,true,true
4752,S02582,monthly,REDUCE,2025-12-18,15,2026-01-08,21,true,true
7422,S02584,monthly,CANCEL,2026-06-26,2,2026-07-16,20,false,false
2238,S02587,annual,CANCEL,2025-04-28,1,2026-04-26,363,true,true
3571,S02588,monthly,CANCEL,2025-09-05,11,2025-09-21,16,true,true
1931,S02590,monthly,CANCEL,2025-03-29,8,2025-04-28,30,true,true
3908,S02592,monthly,CANCEL,2025-10-06,3,2025-10-13,7,true,true
6028,S02594,annual,CANCEL,2026-03-23,1,2026-09-03,164,false,false
2572,S02601,monthly,CANCEL,2025-06-05,6,2025-06-10,5,true,true
3752,S02602,monthly,REDUCE,2025-09-22,3,2025-09-25,3,true,true
4017,S02604,annual,REDUCE,2025-10-16,1,2026-04-11,177,true,false
5960,S02604,annual,ADD,2026-03-18,1,2026-04-11,24,true,true
1632,S02607,annual,CANCEL,2025-02-23,1,2026-02-15,357,true,true
3405,S02608,monthly,REDUCE,2025-08-22,1,2025-09-09,18,true,true
7012,S02610,annual,REDUCE,2026-05-30,1,2027-02-10,256,false,false
2983,S02613,annual,REDUCE,2025-07-12,1,2026-06-19,342,true,false
4063,S02613,annual,REDUCE,2025-10-20,1,2026-06-19,242,true,false
4226,S02613,annual,ADD,2025-11-04,1,2026-06-19,227,true,true
3635,S02617,annual,CANCEL,2025-09-11,1,2025-10-13,32,true,true
5334,S02622,monthly,REDUCE,2026-02-02,7,2026-03-01,27,true,true
7451,S02623,annual,REDUCE,2026-06-28,2,2026-11-23,148,false,false
3615,S02625,annual,REDUCE,2025-09-09,1,2026-06-03,267,true,true
5105,S02627,monthly,CANCEL,2026-01-16,2,2026-02-09,24,true,true
7408,S02631,monthly,REDUCE,2026-06-25,22,2026-06-28,3,true,true
1388,S02634,monthly,REDUCE,2025-01-25,3,2025-02-20,26,true,true
2251,S02635,monthly,CANCEL,2025-04-29,1,2025-05-23,24,true,true
7087,S02637,annual,CANCEL,2026-06-04,1,2027-05-12,342,false,false
6887,S02638,monthly,CANCEL,2026-05-22,14,2026-05-28,6,true,true
3909,S02645,monthly,REDUCE,2025-10-06,14,2025-10-19,13,true,true
6107,S02647,annual,CANCEL,2026-03-29,1,2026-03-30,1,true,true
1426,S02648,annual,REDUCE,2025-01-30,1,2025-12-21,325,true,false
2418,S02648,annual,CANCEL,2025-05-20,1,2025-12-21,215,true,true
7047,S02654,annual,REDUCE,2026-06-01,1,2027-05-18,351,false,false
4684,S02660,annual,REDUCE,2025-12-13,1,2025-12-31,18,true,true
5914,S02662,monthly,REDUCE,2026-03-15,11,2026-03-17,2,true,true
3648,S02663,monthly,REDUCE,2025-09-12,4,2025-10-02,20,true,true
6955,S02672,annual,CANCEL,2026-05-26,2,2027-05-03,342,false,false
7469,S02676,monthly,REDUCE,2026-06-29,6,2026-07-28,29,false,false
1438,S02678,monthly,CANCEL,2025-01-31,1,2025-02-28,28,true,true
1159,S02681,annual,REDUCE,2024-12-23,1,2025-07-23,212,true,true
4304,S02681,annual,CANCEL,2025-11-11,2,2026-07-23,254,false,false
6580,S02682,annual,REDUCE,2026-05-02,2,2027-04-14,347,false,false
165,S02685,annual,REDUCE,2024-07-31,1,2025-07-28,362,true,true
6613,S02685,annual,REDUCE,2026-05-04,2,2026-07-28,85,false,false
7490,S02685,annual,ADD,2026-06-30,2,2026-07-28,28,false,false
6015,S02690,annual,CANCEL,2026-03-22,1,2026-07-08,108,false,false
5961,S02691,annual,CANCEL,2026-03-18,1,2027-02-19,338,false,false
4948,S02694,annual,REDUCE,2026-01-04,1,2026-01-14,10,true,true
3149,S02704,monthly,REDUCE,2025-07-29,1,2025-08-25,27,true,true
5716,S02705,annual,REDUCE,2026-03-01,1,2026-08-24,176,false,false
1932,S02711,monthly,REDUCE,2025-03-29,1,2025-04-26,28,true,true
5092,S02716,annual,REDUCE,2026-01-15,1,2026-10-10,268,false,false
3892,S02721,monthly,CANCEL,2025-10-04,3,2025-10-12,8,true,true
5495,S02722,annual,REDUCE,2026-02-15,1,2026-09-02,199,false,false
5818,S02723,annual,REDUCE,2026-03-08,2,2027-01-29,327,false,false
5496,S02724,annual,REDUCE,2026-02-15,1,2026-11-02,260,false,false
6142,S02724,annual,CANCEL,2026-03-31,1,2026-11-02,216,false,false
5645,S02735,annual,REDUCE,2026-02-24,1,2026-04-02,37,true,true
2956,S02736,monthly,CANCEL,2025-07-10,2,2025-07-22,12,true,true
2556,S02737,monthly,REDUCE,2025-06-03,6,2025-07-02,29,true,true
2322,S02745,annual,CANCEL,2025-05-08,1,2025-09-09,124,true,true
788,S02748,annual,REDUCE,2024-11-07,1,2025-08-05,271,true,false
1994,S02748,annual,CANCEL,2025-04-04,1,2025-08-05,123,true,true
2491,S02749,monthly,REDUCE,2025-05-27,6,2025-06-03,7,true,true
1602,S02750,monthly,REDUCE,2025-02-19,8,2025-03-11,20,true,true
5484,S02753,annual,CANCEL,2026-02-14,1,2026-06-26,132,true,true
6001,S02769,monthly,REDUCE,2026-03-21,2,2026-04-01,11,true,true
7245,S02770,annual,REDUCE,2026-06-15,1,2027-05-09,328,false,false
1382,S02771,annual,REDUCE,2025-01-24,1,2025-09-10,229,true,true
3406,S02774,monthly,REDUCE,2025-08-22,3,2025-09-12,21,true,true
5139,S02787,monthly,CANCEL,2026-01-19,4,2026-02-13,25,true,true
3572,S02790,annual,REDUCE,2025-09-05,1,2025-11-14,70,true,true
6222,S02794,monthly,REDUCE,2026-04-06,17,2026-04-26,20,true,true
7409,S02807,monthly,CANCEL,2026-06-25,11,2026-07-04,9,false,false
5363,S02816,annual,REDUCE,2026-02-04,2,2026-10-31,269,false,false
3408,S02817,annual,REDUCE,2025-08-22,1,2026-02-26,188,true,false
2042,S02818,monthly,REDUCE,2025-04-09,6,2025-05-09,30,true,true
2443,S02821,annual,REDUCE,2025-05-22,1,2026-05-15,358,true,true
6695,S02823,monthly,REDUCE,2026-05-09,18,2026-05-27,18,true,true
4740,S02826,monthly,REDUCE,2025-12-17,9,2025-12-30,13,true,true
5945,S02831,monthly,REDUCE,2026-03-17,17,2026-04-12,26,true,true
6558,S02831,monthly,REDUCE,2026-04-30,18,2026-05-12,12,true,true
6872,S02835,annual,REDUCE,2026-05-21,2,2027-05-20,364,false,false
851,S02837,annual,REDUCE,2024-11-14,1,2025-11-03,354,true,true
4970,S02837,annual,CANCEL,2026-01-06,2,2026-11-03,301,false,false
2225,S02838,monthly,REDUCE,2025-04-26,10,2025-05-17,21,true,true
5454,S02839,monthly,CANCEL,2026-02-12,16,2026-03-11,27,true,true
1131,S02842,monthly,REDUCE,2024-12-20,1,2025-01-09,20,true,true
7258,S02844,annual,CANCEL,2026-06-16,2,2026-09-28,104,false,false
1633,S02845,annual,CANCEL,2025-02-23,1,2025-11-07,257,true,true
3307,S02849,annual,CANCEL,2025-08-12,1,2026-03-28,228,true,true
3530,S02851,annual,CANCEL,2025-09-01,1,2026-04-15,226,true,true
2833,S02852,monthly,REDUCE,2025-06-29,1,2025-07-23,24,true,true
4463,S02852,monthly,CANCEL,2025-11-24,6,2025-12-23,29,true,true
1267,S02853,monthly,REDUCE,2025-01-06,4,2025-01-26,20,true,true
6331,S02855,monthly,CANCEL,2026-04-14,6,2026-05-13,29,true,true
5703,S02857,annual,REDUCE,2026-02-28,1,2026-03-10,10,true,true
1427,S02863,monthly,REDUCE,2025-01-30,6,2025-02-25,26,true,true
3020,S02870,annual,REDUCE,2025-07-16,2,2026-07-03,352,false,false
6748,S02872,monthly,REDUCE,2026-05-12,2,2026-06-05,24,true,true
6596,S02874,monthly,CANCEL,2026-05-03,3,2026-05-10,7,true,true
4589,S02875,monthly,CANCEL,2025-12-05,15,2025-12-07,2,true,true
5126,S02878,annual,REDUCE,2026-01-18,1,2026-05-02,104,true,true
6016,S02881,annual,CANCEL,2026-03-22,2,2026-10-21,213,false,false
4788,S02882,annual,REDUCE,2025-12-21,1,2026-05-29,159,true,true
4416,S02883,annual,REDUCE,2025-11-20,2,2026-08-24,277,false,false
3442,S02892,annual,REDUCE,2025-08-25,1,2025-11-06,73,true,true
2155,S02896,annual,CANCEL,2025-04-19,1,2025-07-31,103,true,true
2851,S02902,annual,REDUCE,2025-06-30,1,2026-06-28,363,true,true
6559,S02912,monthly,REDUCE,2026-04-30,1,2026-05-01,1,true,true
5753,S02915,monthly,REDUCE,2026-03-03,10,2026-03-25,22,true,true
2343,S02917,monthly,REDUCE,2025-05-10,4,2025-05-17,7,true,true
3308,S02921,monthly,REDUCE,2025-08-12,7,2025-09-02,21,true,true
5293,S02926,annual,CANCEL,2026-01-30,2,2026-12-13,317,false,false
5515,S02929,monthly,REDUCE,2026-02-16,17,2026-03-16,28,true,true
2292,S02930,monthly,CANCEL,2025-05-04,6,2025-05-28,24,true,true
6581,S02933,annual,REDUCE,2026-05-02,1,2027-03-07,309,false,false
1021,S02937,annual,REDUCE,2024-12-06,1,2025-08-27,264,true,true
6234,S02939,annual,REDUCE,2026-04-07,1,2026-07-11,95,false,false
1664,S02941,monthly,REDUCE,2025-02-26,3,2025-03-19,21,true,true
2997,S02941,monthly,CANCEL,2025-07-13,7,2025-07-19,6,true,true
3994,S02946,monthly,REDUCE,2025-10-14,9,2025-11-11,28,true,true
2501,S02949,annual,REDUCE,2025-05-28,1,2025-11-10,166,true,true
4709,S02951,annual,CANCEL,2025-12-15,1,2026-11-13,333,false,false
4288,S02953,monthly,CANCEL,2025-11-09,13,2025-11-11,2,true,true
2852,S02955,annual,REDUCE,2025-06-30,1,2025-10-19,111,true,true
5516,S02955,annual,REDUCE,2026-02-16,2,2026-10-19,245,false,false
6787,S02960,monthly,REDUCE,2026-05-15,1,2026-05-27,12,true,true
5498,S02963,monthly,REDUCE,2026-02-15,1,2026-03-04,17,true,true
129,S02971,monthly,CANCEL,2024-07-25,1,2024-08-06,12,true,true
4666,S02979,monthly,CANCEL,2025-12-11,13,2025-12-28,17,true,true
6467,S02985,annual,REDUCE,2026-04-23,1,2027-03-19,330,false,false
2428,S02986,annual,REDUCE,2025-05-21,1,2025-10-29,161,true,true
4710,S02986,annual,CANCEL,2025-12-15,2,2026-10-29,318,false,false
2368,S02987,annual,CANCEL,2025-05-14,1,2026-03-15,305,true,true
4441,S02989,annual,CANCEL,2025-11-22,1,2026-03-21,119,true,true
6109,S02990,monthly,REDUCE,2026-03-29,12,2026-04-15,17,true,true
4394,S02991,annual,REDUCE,2025-11-18,1,2026-07-04,228,false,false
749,S02993,monthly,REDUCE,2024-11-01,3,2024-11-30,29,true,true
3355,S02993,monthly,REDUCE,2025-08-17,12,2025-08-28,11,true,true
4547,S02993,monthly,CANCEL,2025-11-30,16,2025-12-28,28,true,true
3277,S02994,monthly,CANCEL,2025-08-10,12,2025-08-14,4,true,true
6582,S03003,annual,CANCEL,2026-05-02,2,2026-11-21,203,false,false
4450,S03007,annual,REDUCE,2025-11-23,1,2026-07-02,221,false,false
612,S03018,monthly,REDUCE,2024-10-13,3,2024-10-18,5,true,true
6170,S03024,annual,CANCEL,2026-04-02,1,2026-05-10,38,true,true
7423,S03031,annual,CANCEL,2026-06-26,2,2026-08-06,41,false,false
852,S03033,annual,CANCEL,2024-11-14,1,2025-11-11,362,true,true
4776,S03035,annual,REDUCE,2025-12-20,1,2026-07-01,193,false,false
5763,S03037,monthly,CANCEL,2026-03-04,12,2026-03-15,11,true,true
1611,S03040,annual,REDUCE,2025-02-20,1,2026-02-19,364,true,true
1876,S03041,monthly,REDUCE,2025-03-24,1,2025-04-22,29,true,true
1160,S03045,monthly,REDUCE,2024-12-23,2,2024-12-30,7,true,true
6156,S03048,annual,REDUCE,2026-04-01,2,2026-08-21,142,false,false
6060,S03051,annual,REDUCE,2026-03-26,2,2026-10-18,206,false,false
1806,S03052,annual,CANCEL,2025-03-15,1,2025-07-28,135,true,true
3765,S03064,annual,CANCEL,2025-09-23,1,2026-03-06,164,true,true
4711,S03065,monthly,REDUCE,2025-12-15,1,2026-01-04,20,true,true
6788,S03066,annual,REDUCE,2026-05-15,1,2026-08-23,100,false,false
5335,S03068,annual,REDUCE,2026-02-02,1,2027-01-03,335,false,false
5839,S03068,annual,ADD,2026-03-09,1,2027-01-03,300,false,false
2665,S03071,annual,CANCEL,2025-06-14,1,2026-06-07,358,true,true
3934,S03072,annual,CANCEL,2025-10-08,2,2026-09-15,342,false,false
4030,S03075,annual,REDUCE,2025-10-17,2,2026-09-02,320,false,false
6644,S03083,monthly,REDUCE,2026-05-06,21,2026-05-26,20,true,true
5670,S03085,monthly,REDUCE,2026-02-26,18,2026-03-07,9,true,true
540,S03087,annual,REDUCE,2024-09-30,1,2025-07-17,290,true,true
3806,S03087,annual,REDUCE,2025-09-27,2,2026-07-17,293,false,false
7088,S03090,annual,REDUCE,2026-06-04,2,2027-01-29,239,false,false
3132,S03093,annual,REDUCE,2025-07-28,1,2025-09-28,62,true,true
4366,S03093,annual,CANCEL,2025-11-16,2,2026-09-28,316,false,false
5946,S03098,monthly,CANCEL,2026-03-17,4,2026-04-07,21,true,true
5120,S03103,annual,CANCEL,2026-01-17,2,2026-08-10,205,false,false
6568,S03105,annual,REDUCE,2026-05-01,2,2027-03-31,334,false,false
2998,S03116,annual,REDUCE,2025-07-13,1,2026-05-19,310,true,true
2666,S03117,monthly,REDUCE,2025-06-14,7,2025-06-26,12,true,true
4919,S03117,monthly,REDUCE,2026-01-02,14,2026-01-26,24,true,true
5395,S03117,monthly,CANCEL,2026-02-07,15,2026-02-26,19,true,true
2769,S03118,annual,CANCEL,2025-06-24,1,2026-04-21,301,true,true
7030,S03121,annual,CANCEL,2026-05-31,2,2026-12-21,204,false,false
3133,S03128,annual,REDUCE,2025-07-28,1,2026-01-02,158,true,false
4251,S03128,annual,ADD,2025-11-06,1,2026-01-02,57,true,false
4778,S03128,annual,CANCEL,2025-12-20,1,2026-01-02,13,true,true
3496,S03135,monthly,REDUCE,2025-08-29,1,2025-09-22,24,true,true
1295,S03146,monthly,REDUCE,2025-01-11,5,2025-01-30,19,true,true
3388,S03146,monthly,REDUCE,2025-08-20,12,2025-08-28,8,true,true
1325,S03149,annual,CANCEL,2025-01-14,1,2025-10-20,279,true,true
2090,S03150,monthly,REDUCE,2025-04-14,9,2025-04-16,2,true,true
6873,S03151,annual,REDUCE,2026-05-21,1,2026-07-17,57,false,false
2590,S03154,annual,CANCEL,2025-06-06,1,2026-01-05,213,true,true
5987,S03155,annual,CANCEL,2026-03-20,1,2027-03-09,354,false,false
5717,S03158,monthly,REDUCE,2026-03-01,13,2026-03-08,7,true,true
7188,S03161,annual,REDUCE,2026-06-11,2,2027-04-18,311,false,false
5245,S03168,annual,REDUCE,2026-01-26,1,2026-05-27,121,true,false
5542,S03168,annual,REDUCE,2026-02-18,1,2026-05-27,98,true,true
3519,S03169,monthly,CANCEL,2025-08-31,1,2025-09-30,30,true,true
5543,S03172,monthly,REDUCE,2026-02-18,6,2026-03-02,12,true,true
1213,S03174,annual,REDUCE,2024-12-31,1,2025-08-21,233,true,false
2031,S03174,annual,REDUCE,2025-04-07,1,2025-08-21,136,true,true
5791,S03185,annual,REDUCE,2026-03-06,1,2026-12-20,289,false,false
1177,S03186,monthly,REDUCE,2024-12-25,5,2025-01-18,24,true,true
2353,S03186,monthly,REDUCE,2025-05-11,9,2025-05-18,7,true,true
705,S03190,annual,REDUCE,2024-10-26,1,2025-07-02,249,true,true
6203,S03190,annual,CANCEL,2026-04-05,2,2026-07-02,88,false,false
6411,S03191,monthly,REDUCE,2026-04-19,5,2026-04-28,9,true,true
4611,S03200,monthly,REDUCE,2025-12-07,5,2025-12-21,14,true,true
3215,S03201,annual,CANCEL,2025-08-04,1,2026-02-15,195,true,true
4979,S03204,monthly,REDUCE,2026-01-07,8,2026-01-11,4,true,true
6412,S03205,monthly,REDUCE,2026-04-19,9,2026-05-07,18,true,true
2654,S03209,annual,REDUCE,2025-06-12,1,2025-09-28,108,true,false
3396,S03209,annual,ADD,2025-08-21,1,2025-09-28,38,true,true
6680,S03213,monthly,REDUCE,2026-05-08,7,2026-05-28,20,true,true
4305,S03217,annual,REDUCE,2025-11-11,1,2026-05-24,194,true,true
6267,S03221,monthly,REDUCE,2026-04-09,3,2026-04-14,5,true,true
3622,S03224,annual,REDUCE,2025-09-10,1,2025-12-19,100,true,true
6728,S03227,monthly,REDUCE,2026-05-11,20,2026-05-21,10,true,true
974,S03228,annual,CANCEL,2024-11-30,1,2025-11-25,360,true,true
4341,S03230,annual,REDUCE,2025-11-14,1,2026-03-08,114,true,false
4998,S03230,annual,CANCEL,2026-01-08,1,2026-03-08,59,true,true
2798,S03231,annual,CANCEL,2025-06-26,1,2025-07-25,29,true,true
3836,S03235,annual,REDUCE,2025-09-30,2,2026-07-02,275,false,false
4417,S03235,annual,ADD,2025-11-20,2,2026-07-02,224,false,false
6899,S03247,annual,REDUCE,2026-05-23,1,2026-09-27,127,false,false
6983,S03249,annual,CANCEL,2026-05-28,1,2026-07-15,48,false,false
5106,S03250,monthly,CANCEL,2026-01-16,13,2026-01-28,12,true,true
1579,S03252,annual,CANCEL,2025-02-17,1,2025-07-05,138,true,true
4191,S03258,annual,REDUCE,2025-11-01,1,2026-07-28,269,false,false
5121,S03258,annual,ADD,2026-01-17,1,2026-07-28,192,false,false
2331,S03259,monthly,REDUCE,2025-05-09,1,2025-05-19,10,true,true
3189,S03262,annual,CANCEL,2025-08-02,1,2026-04-21,262,true,true
3266,S03266,monthly,REDUCE,2025-08-09,6,2025-08-11,2,true,true
1877,S03267,annual,CANCEL,2025-03-24,1,2025-07-25,123,true,true
1933,S03268,annual,REDUCE,2025-03-29,1,2025-09-06,161,true,false
2196,S03268,annual,REDUCE,2025-04-23,1,2025-09-06,136,true,true
3972,S03273,annual,REDUCE,2025-10-12,1,2025-10-21,9,true,true
1864,S03288,monthly,REDUCE,2025-03-23,5,2025-04-20,28,true,true
2574,S03288,monthly,CANCEL,2025-06-05,7,2025-06-20,15,true,true
1428,S03290,annual,REDUCE,2025-01-30,1,2026-01-26,361,true,false
2226,S03290,annual,ADD,2025-04-26,1,2026-01-26,275,true,true
2739,S03296,annual,CANCEL,2025-06-22,1,2025-12-13,174,true,true
3151,S03297,annual,REDUCE,2025-07-29,1,2026-03-05,219,true,true
5988,S03299,annual,REDUCE,2026-03-20,1,2026-06-17,89,true,true
4004,S03308,annual,REDUCE,2025-10-15,1,2026-02-20,128,true,true
3753,S03309,monthly,CANCEL,2025-09-22,1,2025-10-17,25,true,true
7470,S03310,annual,REDUCE,2026-06-29,1,2026-10-21,114,false,false
2740,S03312,annual,REDUCE,2025-06-22,1,2026-02-12,235,true,true
3329,S03326,monthly,CANCEL,2025-08-14,12,2025-08-21,7,true,true
7329,S03327,annual,REDUCE,2026-06-20,1,2027-06-19,364,false,false
278,S03328,annual,REDUCE,2024-08-23,1,2025-08-22,364,true,true
3961,S03334,annual,REDUCE,2025-10-11,2,2026-09-30,354,false,false
6697,S03335,annual,REDUCE,2026-05-09,2,2027-04-13,339,false,false
2332,S03342,annual,REDUCE,2025-05-09,1,2025-10-31,175,true,true
4870,S03343,annual,CANCEL,2025-12-28,1,2026-12-25,362,false,false
6042,S03344,monthly,CANCEL,2026-03-24,6,2026-03-26,2,true,true
7178,S03348,monthly,CANCEL,2026-06-10,2,2026-07-10,30,false,false
3657,S03352,annual,REDUCE,2025-09-13,1,2026-08-22,343,false,false
3864,S03359,annual,CANCEL,2025-10-02,1,2026-04-25,205,true,true
5915,S03361,monthly,REDUCE,2026-03-15,13,2026-03-24,9,true,true
6248,S03365,monthly,REDUCE,2026-04-08,1,2026-04-16,8,true,true
7411,S03372,monthly,CANCEL,2026-06-25,3,2026-07-09,14,false,false
7048,S03377,annual,REDUCE,2026-06-01,1,2026-07-24,53,false,false
5190,S03379,annual,CANCEL,2026-01-23,2,2026-09-17,237,false,false
4573,S03387,annual,CANCEL,2025-12-03,2,2026-10-14,315,false,false
853,S03388,annual,CANCEL,2024-11-14,1,2025-09-16,306,true,true
2771,S03389,monthly,REDUCE,2025-06-24,5,2025-06-28,4,true,true
6125,S03389,monthly,REDUCE,2026-03-30,15,2026-04-28,29,true,true
1580,S03396,monthly,REDUCE,2025-02-17,3,2025-02-26,9,true,true
6984,S03399,monthly,CANCEL,2026-05-28,21,2026-06-05,8,true,true
1548,S03400,monthly,CANCEL,2025-02-14,2,2025-02-18,4,true,true
2121,S03404,monthly,CANCEL,2025-04-16,6,2025-05-08,22,true,true
1796,S03408,monthly,REDUCE,2025-03-14,6,2025-03-18,4,true,true
4031,S03409,annual,REDUCE,2025-10-17,1,2025-12-26,70,true,true
1934,S03412,annual,REDUCE,2025-03-29,1,2025-11-09,225,true,true
7000,S03412,annual,REDUCE,2026-05-29,2,2026-11-09,164,false,false
1789,S03414,monthly,CANCEL,2025-03-13,2,2025-03-28,15,true,true
1536,S03422,annual,CANCEL,2025-02-12,1,2025-09-16,216,true,true
6506,S03424,monthly,REDUCE,2026-04-26,5,2026-05-17,21,true,true
3819,S03425,annual,REDUCE,2025-09-28,1,2025-11-28,61,true,true
5181,S03426,annual,REDUCE,2026-01-22,1,2026-12-09,321,false,false
213,S03427,annual,REDUCE,2024-08-09,1,2025-07-26,351,true,true
6901,S03428,annual,REDUCE,2026-05-23,1,2026-10-02,132,false,false
6449,S03429,annual,REDUCE,2026-04-22,2,2027-02-24,308,false,false
2274,S03434,annual,REDUCE,2025-05-02,1,2026-03-14,316,true,true
5082,S03442,annual,CANCEL,2026-01-14,1,2026-12-07,327,false,false
4861,S03445,annual,REDUCE,2025-12-27,2,2026-11-13,321,false,false
4451,S03448,monthly,REDUCE,2025-11-23,4,2025-12-16,23,true,true
5544,S03452,annual,REDUCE,2026-02-18,1,2026-10-28,252,false,false
6235,S03453,monthly,REDUCE,2026-04-07,20,2026-05-03,26,true,true
2239,S03454,annual,REDUCE,2025-04-28,1,2026-03-03,309,true,false
5191,S03454,annual,REDUCE,2026-01-23,1,2026-03-03,39,true,true
4005,S03458,annual,REDUCE,2025-10-15,1,2026-10-01,351,false,false
3257,S03459,monthly,REDUCE,2025-08-08,10,2025-08-28,20,true,true
3936,S03463,monthly,REDUCE,2025-10-08,3,2025-11-06,29,true,true
459,S03469,annual,CANCEL,2024-09-20,1,2025-08-21,335,true,true
2539,S03473,monthly,CANCEL,2025-06-01,5,2025-06-05,4,true,true
586,S03479,annual,CANCEL,2024-10-09,1,2025-08-06,301,true,true
6681,S03483,annual,CANCEL,2026-05-08,2,2027-04-17,344,false,false
2387,S03484,monthly,REDUCE,2025-05-16,11,2025-06-13,28,true,true
6729,S03486,annual,CANCEL,2026-05-11,2,2027-01-30,264,false,false
3900,S03488,annual,REDUCE,2025-10-05,1,2026-09-19,349,false,false
5066,S03488,annual,ADD,2026-01-13,1,2026-09-19,249,false,false
372,S03489,annual,REDUCE,2024-09-06,1,2025-07-21,318,true,true
3190,S03496,annual,REDUCE,2025-08-02,1,2025-12-14,134,true,false
4342,S03496,annual,CANCEL,2025-11-14,1,2025-12-14,30,true,true
4712,S03498,annual,CANCEL,2025-12-15,1,2026-12-13,363,false,false
5455,S03500,annual,REDUCE,2026-02-12,1,2026-06-16,124,true,true
4244,S03501,monthly,REDUCE,2025-11-05,1,2025-11-14,9,true,true
6076,S03509,monthly,CANCEL,2026-03-27,7,2026-04-21,25,true,true
3579,S03513,annual,CANCEL,2025-09-06,1,2026-02-13,160,true,true
6889,S03525,monthly,REDUCE,2026-05-22,8,2026-06-15,24,true,true
4452,S03533,annual,CANCEL,2025-11-23,1,2026-10-16,327,false,false
4655,S03536,annual,CANCEL,2025-12-10,1,2026-01-11,32,true,true
4724,S03541,monthly,REDUCE,2025-12-16,7,2026-01-03,18,true,true
7126,S03541,monthly,REDUCE,2026-06-07,13,2026-07-03,26,false,false
660,S03544,monthly,CANCEL,2024-10-20,3,2024-11-16,27,true,true
3531,S03545,monthly,REDUCE,2025-09-01,6,2025-09-30,29,true,true
4006,S03545,monthly,REDUCE,2025-10-15,7,2025-10-30,15,true,true
5573,S03547,monthly,REDUCE,2026-02-20,5,2026-02-22,2,true,true
3238,S03548,annual,REDUCE,2025-08-06,1,2026-04-25,262,true,true
688,S03549,monthly,REDUCE,2024-10-24,1,2024-11-23,30,true,true
5026,S03552,monthly,REDUCE,2026-01-10,10,2026-01-21,11,true,true
2266,S03553,annual,REDUCE,2025-05-01,1,2026-02-05,280,true,true
4354,S03557,annual,REDUCE,2025-11-15,1,2026-11-14,364,false,false
6126,S03558,annual,CANCEL,2026-03-30,1,2026-09-16,170,false,false
4907,S03560,monthly,REDUCE,2026-01-01,6,2026-01-15,14,true,true
6414,S03560,monthly,REDUCE,2026-04-19,10,2026-05-15,26,true,true
3330,S03562,monthly,REDUCE,2025-08-14,13,2025-08-28,14,true,true
3594,S03562,monthly,REDUCE,2025-09-07,14,2025-09-28,21,true,true
5684,S03563,monthly,REDUCE,2026-02-27,3,2026-03-10,11,true,true
2712,S03566,annual,REDUCE,2025-06-19,1,2025-11-20,154,true,true
4862,S03566,annual,REDUCE,2025-12-27,2,2026-11-20,328,false,false
6730,S03568,annual,REDUCE,2026-05-11,1,2026-07-02,52,false,false
6875,S03572,annual,CANCEL,2026-05-21,2,2027-03-22,305,false,false
6966,S03583,monthly,CANCEL,2026-05-27,22,2026-06-22,26,true,true
1712,S03587,annual,REDUCE,2025-03-04,1,2025-11-30,271,true,true
2051,S03588,monthly,CANCEL,2025-04-10,6,2025-05-04,24,true,true
6831,S03590,monthly,REDUCE,2026-05-18,18,2026-05-22,4,true,true
150,S03594,annual,REDUCE,2024-07-28,1,2025-07-25,362,true,false
2881,S03594,annual,REDUCE,2025-07-02,1,2025-07-25,23,true,true
2240,S03596,annual,REDUCE,2025-04-28,1,2026-01-31,278,true,true
2213,S03599,monthly,REDUCE,2025-04-25,6,2025-05-23,28,true,true
2464,S03599,monthly,REDUCE,2025-05-24,7,2025-06-23,30,true,true
4253,S03599,monthly,REDUCE,2025-11-06,12,2025-11-23,17,true,true
5304,S03599,monthly,REDUCE,2026-01-31,15,2026-02-23,23,true,true
6396,S03602,annual,REDUCE,2026-04-18,1,2026-10-14,179,false,false
1612,S03603,annual,REDUCE,2025-02-20,1,2026-01-22,336,true,false
4638,S03603,annual,ADD,2025-12-09,1,2026-01-22,44,true,true
3421,S03604,annual,REDUCE,2025-08-23,2,2026-07-14,325,false,false
2639,S03606,monthly,REDUCE,2025-06-10,9,2025-06-23,13,true,true
4215,S03608,annual,CANCEL,2025-11-03,1,2026-06-06,215,true,true
6249,S03610,annual,REDUCE,2026-04-08,1,2027-03-28,354,false,false
2492,S03614,monthly,CANCEL,2025-05-27,11,2025-06-16,20,true,true
6660,S03615,annual,REDUCE,2026-05-07,1,2026-10-04,150,false,false
5247,S03619,annual,CANCEL,2026-01-26,1,2026-07-13,168,false,false
6847,S03620,monthly,REDUCE,2026-05-19,4,2026-06-18,30,true,true
7359,S03622,annual,CANCEL,2026-06-22,1,2026-08-16,55,false,false
7127,S03632,annual,REDUCE,2026-06-07,2,2026-11-21,167,false,false
4983,S03633,annual,REDUCE,2026-01-07,1,2026-03-09,61,true,true
2867,S03635,annual,REDUCE,2025-07-01,1,2025-11-25,147,true,true
1214,S03638,annual,CANCEL,2024-12-31,1,2025-12-21,355,true,true
5852,S03641,monthly,CANCEL,2026-03-10,5,2026-03-25,15,true,true
1093,S03647,annual,REDUCE,2024-12-16,1,2025-09-12,270,true,true
5107,S03649,monthly,CANCEL,2026-01-16,9,2026-02-10,25,true,true
1817,S03651,monthly,CANCEL,2025-03-17,5,2025-03-27,10,true,true
2755,S03652,monthly,REDUCE,2025-06-23,1,2025-07-22,29,true,true
3506,S03656,annual,REDUCE,2025-08-30,1,2025-09-29,30,true,true
5141,S03656,annual,CANCEL,2026-01-19,2,2026-09-29,253,false,false
3623,S03657,annual,REDUCE,2025-09-10,1,2025-09-30,20,true,true
7073,S03657,annual,REDUCE,2026-06-03,2,2026-09-30,119,false,false
7179,S03661,monthly,CANCEL,2026-06-10,23,2026-07-09,29,false,false
906,S03665,monthly,CANCEL,2024-11-22,3,2024-12-22,30,true,true
5962,S03670,monthly,REDUCE,2026-03-18,8,2026-03-28,10,true,true
5736,S03672,monthly,REDUCE,2026-03-02,7,2026-03-28,26,true,true
7015,S03673,annual,CANCEL,2026-05-30,1,2026-12-01,185,false,false
7191,S03674,monthly,CANCEL,2026-06-11,9,2026-06-25,14,true,true
2004,S03687,monthly,CANCEL,2025-04-05,2,2025-04-28,23,true,true
3882,S03688,annual,REDUCE,2025-10-03,1,2026-02-18,138,true,false
4505,S03688,annual,REDUCE,2025-11-27,1,2026-02-18,83,true,true
2052,S03691,annual,CANCEL,2025-04-10,1,2026-02-06,302,true,true
5622,S03695,monthly,REDUCE,2026-02-23,6,2026-03-22,27,true,true
4007,S03697,annual,REDUCE,2025-10-15,1,2025-11-01,17,true,true
5948,S03697,annual,REDUCE,2026-03-17,2,2026-11-01,229,false,false
6290,S03700,monthly,REDUCE,2026-04-11,1,2026-05-03,22,true,true
7128,S03704,annual,REDUCE,2026-06-07,1,2026-11-05,151,false,false
3456,S03711,annual,REDUCE,2025-08-26,1,2025-10-30,65,true,false
3532,S03711,annual,ADD,2025-09-01,1,2025-10-30,59,true,true
4583,S03714,monthly,REDUCE,2025-12-04,5,2025-12-19,15,true,true
3443,S03722,annual,CANCEL,2025-08-25,1,2025-10-04,40,true,true
2142,S03727,annual,CANCEL,2025-04-18,1,2025-08-01,105,true,true
630,S03736,annual,REDUCE,2024-10-16,1,2025-09-13,332,true,false
2361,S03736,annual,CANCEL,2025-05-12,1,2025-09-13,124,true,true
7224,S03740,monthly,REDUCE,2026-06-13,12,2026-07-13,30,false,false
2476,S03741,annual,REDUCE,2025-05-25,1,2026-02-16,267,true,true
4598,S03743,annual,REDUCE,2025-12-06,1,2026-06-30,206,true,true
5108,S03745,monthly,REDUCE,2026-01-16,7,2026-01-24,8,true,true
3912,S03751,annual,CANCEL,2025-10-06,1,2026-04-21,197,true,true
842,S03757,annual,REDUCE,2024-11-13,1,2025-10-28,349,true,false
4330,S03761,annual,REDUCE,2025-11-13,1,2026-08-28,288,false,false
7304,S03770,annual,REDUCE,2026-06-19,2,2027-06-08,354,false,false
1280,S03773,monthly,REDUCE,2025-01-08,3,2025-01-28,20,true,true
4112,S03773,monthly,REDUCE,2025-10-25,12,2025-10-28,3,true,true
2603,S03776,annual,REDUCE,2025-06-07,1,2025-12-11,187,true,false
4622,S03776,annual,CANCEL,2025-12-08,1,2025-12-11,3,true,true
953,S03777,monthly,REDUCE,2024-11-28,1,2024-12-20,22,true,true
6374,S03779,annual,REDUCE,2026-04-17,2,2027-02-25,314,false,false
3638,S03781,annual,CANCEL,2025-09-11,1,2026-03-31,201,true,true
5305,S03782,monthly,CANCEL,2026-01-31,1,2026-02-23,23,true,true
5364,S03783,annual,CANCEL,2026-02-04,1,2026-09-14,222,false,false
5457,S03785,annual,REDUCE,2026-02-12,1,2026-03-04,20,true,true
1592,S03793,annual,REDUCE,2025-02-18,1,2025-08-15,178,true,true
2591,S03796,annual,REDUCE,2025-06-06,1,2025-08-24,79,true,true
3484,S03796,annual,CANCEL,2025-08-28,2,2026-08-24,361,false,false
6903,S03802,monthly,CANCEL,2026-05-23,12,2026-05-28,5,true,true
2868,S03806,monthly,REDUCE,2025-07-01,9,2025-07-13,12,true,true
5324,S03822,annual,REDUCE,2026-02-01,2,2026-11-18,290,false,false
3945,S03826,monthly,REDUCE,2025-10-09,7,2025-11-08,30,true,true
5820,S03826,monthly,REDUCE,2026-03-08,12,2026-04-08,31,true,true
5486,S03829,annual,REDUCE,2026-02-14,1,2026-06-30,136,true,true
4863,S03831,annual,REDUCE,2025-12-27,1,2026-01-14,18,true,true
6615,S03834,annual,CANCEL,2026-05-04,2,2027-04-05,336,false,false
5934,S03839,monthly,REDUCE,2026-03-16,10,2026-03-26,10,true,true
2728,S03844,annual,REDUCE,2025-06-21,1,2026-03-01,253,true,false
3095,S03844,annual,ADD,2025-07-24,1,2026-03-01,220,true,false
4032,S03844,annual,ADD,2025-10-17,1,2026-03-01,135,true,true
4517,S03845,monthly,REDUCE,2025-11-28,13,2025-12-07,9,true,true
7492,S03850,monthly,REDUCE,2026-06-30,13,2026-07-10,10,false,false
1770,S03854,annual,REDUCE,2025-03-11,1,2026-01-07,302,true,false
2680,S03859,annual,REDUCE,2025-06-15,1,2025-11-08,146,true,true
290,S03860,annual,REDUCE,2024-08-25,1,2025-08-24,364,true,true
5442,S03860,annual,CANCEL,2026-02-11,2,2026-08-24,194,false,false
4205,S03865,monthly,CANCEL,2025-11-02,3,2025-11-29,27,true,true
4920,S03866,monthly,REDUCE,2026-01-02,16,2026-01-08,6,true,true
6348,S03867,annual,REDUCE,2026-04-15,1,2026-05-25,40,true,true
4033,S03874,annual,CANCEL,2025-10-17,1,2026-02-15,121,true,true
1742,S03875,annual,REDUCE,2025-03-07,1,2025-12-11,279,true,false
2190,S03875,annual,ADD,2025-04-22,1,2025-12-11,233,true,false
3191,S03875,annual,REDUCE,2025-08-02,1,2025-12-11,131,true,true
5248,S03877,annual,REDUCE,2026-01-26,1,2027-01-14,353,false,false
5249,S03880,annual,REDUCE,2026-01-26,1,2026-08-25,211,false,false
7360,S03881,annual,REDUCE,2026-06-22,2,2026-10-30,130,false,false
2686,S03883,monthly,REDUCE,2025-06-16,11,2025-06-24,8,true,true
385,S03885,monthly,REDUCE,2024-09-09,3,2024-10-04,25,true,true
870,S03885,monthly,CANCEL,2024-11-18,5,2024-12-04,16,true,true
5793,S03888,annual,REDUCE,2026-03-06,1,2026-07-15,131,false,false
7154,S03890,monthly,CANCEL,2026-06-09,13,2026-07-09,30,false,false
1289,S03895,annual,REDUCE,2025-01-10,1,2025-08-17,219,true,false
3192,S03895,annual,REDUCE,2025-08-02,1,2025-08-17,15,true,true
2393,S03896,monthly,REDUCE,2025-05-17,2,2025-05-26,9,true,true
2181,S03898,annual,REDUCE,2025-04-21,1,2026-01-29,283,true,false
3168,S03898,annual,CANCEL,2025-07-31,1,2026-01-29,182,true,true
7493,S03913,monthly,REDUCE,2026-06-30,2,2026-07-22,22,false,false
3560,S03915,monthly,CANCEL,2025-09-04,3,2025-09-10,6,true,true
1167,S03940,annual,REDUCE,2024-12-24,1,2025-11-04,315,true,true
3011,S03941,annual,REDUCE,2025-07-15,1,2025-10-19,96,true,true
6051,S03944,monthly,CANCEL,2026-03-25,8,2026-04-14,20,true,true
4548,S03951,annual,REDUCE,2025-11-30,1,2026-11-23,358,false,false
5471,S03954,annual,CANCEL,2026-02-13,2,2026-11-08,268,false,false
6143,S03957,annual,CANCEL,2026-03-31,1,2026-08-19,141,false,false
6451,S03961,monthly,CANCEL,2026-04-22,19,2026-05-08,16,true,true
4687,S03962,annual,CANCEL,2025-12-13,2,2026-07-17,216,false,false
6522,S03963,annual,REDUCE,2026-04-27,1,2026-07-24,88,false,false
4921,S03964,monthly,REDUCE,2026-01-02,10,2026-01-05,3,true,true
4395,S03965,annual,REDUCE,2025-11-18,2,2026-08-24,279,false,false
7155,S03970,annual,CANCEL,2026-06-09,2,2027-03-06,270,false,false
3157,S03977,monthly,CANCEL,2025-07-30,6,2025-08-05,6,true,true
5519,S03980,monthly,REDUCE,2026-02-16,15,2026-03-14,26,true,true
5874,S03983,annual,REDUCE,2026-03-12,2,2026-10-04,206,false,false
1329,S03987,annual,REDUCE,2025-01-15,1,2025-12-06,325,true,true
5156,S03989,monthly,CANCEL,2026-01-20,10,2026-01-28,8,true,true
6645,S03996,monthly,REDUCE,2026-05-06,21,2026-05-10,4,true,true
7307,S04002,monthly,CANCEL,2026-06-19,20,2026-07-13,24,false,false
5949,S04004,monthly,REDUCE,2026-03-17,1,2026-04-13,27,true,true
1861,S04010,annual,REDUCE,2025-03-22,1,2025-07-01,101,true,false
2037,S04010,annual,REDUCE,2025-04-08,1,2025-07-01,84,true,true
3595,S04013,annual,REDUCE,2025-09-07,1,2025-11-13,67,true,true
4566,S04018,monthly,REDUCE,2025-12-02,16,2025-12-05,3,true,true
5010,S04022,monthly,REDUCE,2026-01-09,8,2026-02-01,23,true,true
6523,S04025,annual,CANCEL,2026-04-27,2,2026-09-11,137,false,false
1879,S04029,annual,CANCEL,2025-03-24,1,2025-07-18,116,true,true
5737,S04033,monthly,CANCEL,2026-03-02,8,2026-03-03,1,true,true
712,S04038,annual,CANCEL,2024-10-27,1,2025-09-11,319,true,true
3104,S04039,annual,REDUCE,2025-07-25,1,2026-07-24,364,false,false
4408,S04039,annual,ADD,2025-11-19,1,2026-07-24,247,false,false
6096,S04043,annual,REDUCE,2026-03-28,1,2027-02-26,335,false,false
4306,S04057,annual,REDUCE,2025-11-11,1,2025-12-21,40,true,true
3337,S04061,monthly,REDUCE,2025-08-15,5,2025-08-28,13,true,true
3508,S04066,monthly,REDUCE,2025-08-30,1,2025-09-27,28,true,true
3962,S04068,annual,CANCEL,2025-10-11,1,2026-06-29,261,true,true
4476,S04077,monthly,REDUCE,2025-11-25,5,2025-12-04,9,true,true
2911,S04079,annual,REDUCE,2025-07-05,1,2026-03-24,262,true,true
5989,S04080,annual,REDUCE,2026-03-20,1,2027-02-11,328,false,false
3444,S04081,annual,CANCEL,2025-08-25,1,2025-10-20,56,true,true
2293,S04082,monthly,CANCEL,2025-05-04,7,2025-05-18,14,true,true
4396,S04088,annual,REDUCE,2025-11-18,1,2026-06-15,209,true,false
3086,S04091,monthly,CANCEL,2025-07-23,4,2025-08-03,11,true,true
4307,S04092,monthly,REDUCE,2025-11-11,4,2025-11-13,2,true,true
7156,S04092,monthly,REDUCE,2026-06-09,11,2026-06-13,4,true,true
5473,S04094,annual,REDUCE,2026-02-13,2,2026-12-08,298,false,false
6561,S04094,annual,REDUCE,2026-04-30,2,2026-12-08,222,false,false
6832,S04094,annual,ADD,2026-05-18,2,2026-12-08,204,false,false
4255,S04100,monthly,REDUCE,2025-11-06,15,2025-11-07,1,true,true
5487,S04100,monthly,REDUCE,2026-02-14,19,2026-03-07,21,true,true
5574,S04102,annual,REDUCE,2026-02-20,1,2026-05-10,79,true,true
6647,S04103,monthly,REDUCE,2026-05-06,4,2026-05-20,14,true,true
1755,S04105,monthly,REDUCE,2025-03-09,5,2025-03-14,5,true,true
1918,S04107,annual,CANCEL,2025-03-28,1,2026-03-21,358,true,true
4192,S04111,monthly,REDUCE,2025-11-01,9,2025-11-20,19,true,true
5520,S04111,monthly,CANCEL,2026-02-16,12,2026-02-20,4,true,true
6767,S04121,monthly,CANCEL,2026-05-13,17,2026-05-28,15,true,true
1880,S04127,monthly,REDUCE,2025-03-24,4,2025-04-06,13,true,true
2869,S04127,monthly,REDUCE,2025-07-01,7,2025-07-06,5,true,true
4477,S04128,annual,REDUCE,2025-11-25,1,2026-11-24,364,false,false
6127,S04128,annual,REDUCE,2026-03-30,1,2026-11-24,239,false,false
1823,S04133,annual,REDUCE,2025-03-18,1,2025-09-23,189,true,true
6985,S04134,monthly,CANCEL,2026-05-28,16,2026-06-25,28,true,true
5689,S04136,monthly,CANCEL,2026-02-27,12,2026-03-04,5,true,true
6818,S04137,monthly,REDUCE,2026-05-17,2,2026-06-10,24,true,true
1296,S04139,monthly,REDUCE,2025-01-11,2,2025-02-09,29,true,true
2005,S04140,monthly,REDUCE,2025-04-05,2,2025-04-06,1,true,true
4961,S04140,monthly,REDUCE,2026-01-05,11,2026-01-06,1,true,true
4378,S04141,monthly,CANCEL,2025-11-17,1,2025-12-09,22,true,true
6507,S04144,annual,CANCEL,2026-04-26,2,2026-08-19,115,false,false
5436,S04149,monthly,REDUCE,2026-02-10,1,2026-03-01,19,true,true
4839,S04156,annual,REDUCE,2025-12-25,2,2026-07-02,189,false,false
5589,S04158,annual,REDUCE,2026-02-21,2,2027-01-02,315,false,false
7157,S04158,annual,REDUCE,2026-06-09,2,2027-01-02,207,false,false
1513,S04159,annual,CANCEL,2025-02-08,1,2025-10-06,240,true,true
7208,S04162,annual,REDUCE,2026-06-12,2,2027-04-05,297,false,false
5307,S04165,annual,REDUCE,2026-01-31,1,2026-07-26,176,false,false
4743,S04167,annual,CANCEL,2025-12-17,2,2026-07-28,223,false,false
4639,S04168,annual,REDUCE,2025-12-09,1,2026-01-02,24,true,true
7089,S04168,annual,CANCEL,2026-06-04,2,2027-01-02,212,false,false
7090,S04169,annual,CANCEL,2026-06-04,1,2026-08-13,70,false,false
5142,S04175,annual,REDUCE,2026-01-19,2,2026-07-25,187,false,false
3497,S04182,monthly,REDUCE,2025-08-29,8,2025-09-16,18,true,true
2742,S04186,annual,CANCEL,2025-06-22,1,2026-05-31,343,true,true
5232,S04188,annual,REDUCE,2026-01-25,1,2026-06-30,156,true,false
6425,S04188,annual,REDUCE,2026-04-20,1,2026-06-30,71,true,true
4935,S04189,annual,REDUCE,2026-01-03,2,2026-11-02,303,false,false
5337,S04190,annual,CANCEL,2026-02-02,2,2026-12-01,302,false,false
6803,S04200,annual,REDUCE,2026-05-16,1,2027-05-15,364,false,false
6236,S04201,annual,REDUCE,2026-04-07,1,2026-09-15,161,false,false
1326,S04205,monthly,REDUCE,2025-01-14,1,2025-01-16,2,true,true
5841,S04205,monthly,REDUCE,2026-03-09,15,2026-03-16,7,true,true
5183,S04208,annual,CANCEL,2026-01-22,1,2026-12-12,324,false,false
7209,S04211,annual,REDUCE,2026-06-12,1,2027-03-01,262,false,false
5590,S04220,annual,CANCEL,2026-02-21,1,2026-04-11,49,true,true
5521,S04221,annual,REDUCE,2026-02-16,1,2026-10-07,233,false,false
6268,S04221,annual,REDUCE,2026-04-09,1,2026-10-07,181,false,false
4419,S04228,monthly,REDUCE,2025-11-20,1,2025-12-07,17,true,true
5212,S04230,annual,REDUCE,2026-01-24,1,2026-06-25,152,true,true
1196,S04232,monthly,CANCEL,2024-12-28,4,2025-01-24,27,true,true
1965,S04242,monthly,REDUCE,2025-04-01,4,2025-04-20,19,true,true
4519,S04251,annual,REDUCE,2025-11-28,1,2026-10-25,331,false,false
5917,S04251,annual,CANCEL,2026-03-15,1,2026-10-25,224,false,false
3110,S04254,monthly,CANCEL,2025-07-26,1,2025-08-04,9,true,true
5039,S04258,annual,REDUCE,2026-01-11,1,2026-12-12,335,false,false
6250,S04258,annual,CANCEL,2026-04-08,1,2026-12-12,248,false,false
6161,S04260,monthly,REDUCE,2026-04-01,1,2026-04-25,24,true,true
7017,S04260,monthly,REDUCE,2026-05-30,3,2026-06-25,26,true,true
2562,S04262,annual,REDUCE,2025-06-04,1,2025-07-24,50,true,true
4050,S04262,annual,CANCEL,2025-10-19,2,2026-07-24,278,false,false
6600,S04263,monthly,REDUCE,2026-05-03,5,2026-05-14,11,true,true
2465,S04265,monthly,CANCEL,2025-05-24,2,2025-06-22,29,true,true
4951,S04269,monthly,CANCEL,2026-01-04,4,2026-01-24,20,true,true
1396,S04276,annual,REDUCE,2025-01-26,1,2025-12-12,320,true,false
2107,S04276,annual,ADD,2025-04-15,1,2025-12-12,241,true,true
7332,S04281,monthly,CANCEL,2026-06-20,11,2026-07-08,18,false,false
3625,S04291,annual,REDUCE,2025-09-10,1,2026-06-22,285,true,false
7308,S04299,monthly,REDUCE,2026-06-19,15,2026-07-03,14,false,false
924,S04305,annual,REDUCE,2024-11-24,1,2025-10-24,334,true,true
4256,S04310,monthly,REDUCE,2025-11-06,12,2025-11-28,22,true,true
2547,S04312,annual,REDUCE,2025-06-02,1,2026-01-01,213,true,true
3757,S04315,annual,REDUCE,2025-09-22,1,2025-11-22,61,true,true
3445,S04317,monthly,CANCEL,2025-08-25,1,2025-08-28,3,true,true
7395,S04319,monthly,CANCEL,2026-06-24,12,2026-07-08,14,false,false
7364,S04323,annual,CANCEL,2026-06-22,1,2027-06-20,363,false,false
5409,S04328,annual,CANCEL,2026-02-08,1,2026-05-10,91,true,true
5193,S04331,monthly,REDUCE,2026-01-23,1,2026-02-02,10,true,true
2081,S04332,annual,REDUCE,2025-04-13,1,2025-08-28,137,true,true
1470,S04336,annual,REDUCE,2025-02-03,1,2026-01-02,333,true,false
2661,S04336,annual,REDUCE,2025-06-13,1,2026-01-02,203,true,false
4599,S04336,annual,REDUCE,2025-12-06,1,2026-01-02,27,true,true
4019,S04342,annual,REDUCE,2025-10-16,1,2025-11-04,19,true,true
6919,S04348,monthly,CANCEL,2026-05-24,12,2026-06-24,31,true,true
5864,S04349,annual,CANCEL,2026-03-11,1,2026-07-11,122,false,false
3331,S04351,annual,CANCEL,2025-08-14,2,2026-07-07,327,false,false
2284,S04353,monthly,REDUCE,2025-05-03,9,2025-05-27,24,true,true
3105,S04355,annual,CANCEL,2025-07-25,1,2025-09-13,50,true,true
1743,S04356,annual,CANCEL,2025-03-07,1,2025-10-09,216,true,true
4216,S04358,monthly,CANCEL,2025-11-03,5,2025-12-03,30,true,true
156,S04361,annual,REDUCE,2024-07-29,1,2025-07-17,353,true,true
5963,S04361,annual,REDUCE,2026-03-18,2,2026-07-17,121,false,false
1866,S04362,annual,CANCEL,2025-03-23,1,2025-12-14,266,true,true
2502,S04364,annual,CANCEL,2025-05-28,1,2025-12-09,195,true,true
3520,S04366,annual,REDUCE,2025-08-31,2,2026-08-31,365,false,false
2799,S04382,annual,REDUCE,2025-06-26,1,2026-06-10,349,true,true
6029,S04383,annual,REDUCE,2026-03-23,1,2026-12-04,256,false,false
3596,S04387,monthly,REDUCE,2025-09-07,11,2025-10-01,24,true,true
7018,S04388,monthly,REDUCE,2026-05-30,1,2026-06-25,26,true,true
3767,S04390,monthly,REDUCE,2025-09-23,13,2025-10-04,11,true,true
5739,S04392,monthly,CANCEL,2026-03-02,8,2026-03-17,15,true,true
3807,S04395,annual,CANCEL,2025-09-27,1,2025-11-19,53,true,true
