customer_key,partner_id,customer_ref,channel
C00001,P1,00001,partner
C00002,P1,00002,partner
C00003,P1,00003,partner
C00004,P2,00001,partner
C00005,P2,00002,partner
C00006,P1,00004,partner
C00007,P1,00005,partner
C00008,P1,00006,partner
C00009,P1,00007,partner
C00010,DIRECT,00001,direct
C00011,P1,00008,partner
C00012,P2,00003,partner
C00013,P1,00009,partner
C00014,P1,00010,partner
C00015,P1,00011,partner
C00016,P1,00012,partner
C00017,P3,00001,partner
C00018,P1,00013,partner
C00019,P2,00004,partner
C00020,P1,00014,partner
C00021,P2,00005,partner
C00022,P1,00015,partner
C00023,P1,00016,partner
C00024,P1,00017,partner
C00025,P2,00006,partner
C00026,P3,00002,partner
C00027,P1,00018,partner
C00028,P2,00007,partner
C00029,P2,00008,partner
C00030,P1,00019,partner
C00031,P3,00003,partner
C00032,P2,00009,partner
C00033,P2,00010,partner
C00034,P1,00020,partner
C00035,P1,00021,partner
C00036,P2,00011,partner
C00037,P1,00022,partner
C00038,P3,00004,partner
C00039,P2,00012,partner
C00040,P2,00013,partner
C00041,P3,00005,partner
C00042,P1,00023,partner
C00043,P3,00006,partner
C00044,P2,00014,partner
C00045,P2,00015,partner
C00046,P1,00024,partner
C00047,P2,00016,partner
C00048,P1,00025,partner
C00049,P3,00007,partner
C00050,DIRECT,00002,direct
C00051,P1,00026,partner
C00052,P1,00027,partner
C00053,P2,00017,partner
C00054,P2,00018,partner
C00055,P1,00028,partner
C00056,P1,00029,partner
C00057,P1,00030,partner
C00058,P2,00019,partner
C00059,P1,00031,partner
C00060,DIRECT,00003,direct
C00061,P2,00020,partner
C00062,P2,00021,partner
C00063,P1,00032,partner
C00064,P2,00022,partner
C00065,P1,00033,partner
C00066,P1,00034,partner
C00067,P1,00035,partner
C00068,P1,00036,partner
C00069,P2,00023,partner
C00070,DIRECT,00004,direct
C00071,P2,00024,partner
C00072,P1,00037,partner
C00073,P1,00038,partner
C00074,P2,00025,partner
C00075,P1,00039,partner
C00076,P1,00040,partner
C00077,P1,00041,partner
C00078,P1,00042,partner
C00079,P3,00008,partner
C00080,P1,00043,partner
C00081,P1,00044,partner
C00082,P3,00009,partner
C00083,P1,00045,partner
C00084,P1,00046,partner
C00085,P2,00026,partner
C00086,P3,00010,partner
C00087,P1,00047,partner
C00088,P3,00011,partner
C00089,P3,00012,partner
C00090,P1,00048,partner
C00091,P1,00049,partner
C00092,P1,00050,partner
C00093,P2,00027,partner
C00094,P1,00051,partner
C00095,P3,00013,partner
C00096,P3,00014,partner
C00097,P3,00015,partner
C00098,P1,00052,partner
C00099,P1,00053,partner
C00100,P3,00016,partner
C00101,P1,00054,partner
C00102,P3,00017,partner
C00103,P1,00055,partner
C00104,P1,00056,partner
C00105,P2,00028,partner
C00106,P1,00057,partner
C00107,P1,00058,partner
C00108,P2,00029,partner
C00109,P2,00030,partner
C00110,P1,00059,partner
C00111,P1,00060,partner
C00112,P2,00031,partner
C00113,P3,00018,partner
C00114,P1,00061,partner
C00115,P1,00062,partner
C00116,P2,00032,partner
C00117,P3,00019,partner
C00118,P2,00033,partner
C00119,P2,00034,partner
C00120,P2,00035,partner
C00121,P1,00063,partner
C00122,P1,00064,partner
C00123,P1,00065,partner
C00124,P1,00066,partner
C00125,P1,00067,partner
C00126,P1,00068,partner
C00127,P1,00069,partner
C00128,P2,00036,partner
C00129,DIRECT,00005,direct
C00130,P1,00070,partner
C00131,P1,00071,partner
C00132,P3,00020,partner
C00133,P1,00072,partner
C00134,P1,00073,partner
C00135,P1,00074,partner
C00136,P1,00075,partner
C00137,P3,00021,partner
C00138,P1,00076,partner
C00139,P2,00037,partner
C00140,P2,00038,partner
C00141,P1,00077,partner
C00142,P1,00078,partner
C00143,P2,00039,partner
C00144,P2,00040,partner
C00145,P1,00079,partner
C00146,P2,00041,partner
C00147,P2,00042,partner
C00148,P1,00080,partner
C00149,P1,00081,partner
C00150,P1,00082,partner
C00151,P1,00083,partner
C00152,P1,00084,partner
C00153,P2,00043,partner
C00154,P3,00022,partner
C00155,P2,00044,partner
C00156,P3,00023,partner
C00157,P2,00045,partner
C00158,P2,00046,partner
C00159,P1,00085,partner
C00160,P1,00086,partner
C00161,P1,00087,partner
C00162,P2,00047,partner
C00163,P2,00048,partner
C00164,P1,00088,partner
C00165,P1,00089,partner
C00166,P1,00090,partner
C00167,P1,00091,partner
C00168,P2,00049,partner
C00169,P2,00050,partner
C00170,P1,00092,partner
C00171,P2,00051,partner
C00172,DIRECT,00006,direct
C00173,P2,00052,partner
C00174,P2,00053,partner
C00175,P1,00093,partner
C00176,P1,00094,partner
C00177,P1,00095,partner
C00178,P1,00096,partner
C00179,P1,00097,partner
C00180,P1,00098,partner
C00181,P2,00054,partner
C00182,P1,00099,partner
C00183,P1,00100,partner
C00184,P3,00024,partner
C00185,P1,00101,partner
C00186,P2,00055,partner
C00187,P2,00056,partner
C00188,P2,00057,partner
C00189,P1,00102,partner
C00190,P2,00058,partner
C00191,DIRECT,00007,direct
C00192,DIRECT,00008,direct
C00193,P1,00103,partner
C00194,P2,00059,partner
C00195,P2,00060,partner
C00196,P2,00061,partner
C00197,P2,00062,partner
C00198,P1,00104,partner
C00199,P1,00105,partner
C00200,P1,00106,partner
C00201,P1,00107,partner
C00202,P1,00108,partner
C00203,P1,00109,partner
C00204,P1,00110,partner
C00205,P1,00111,partner
C00206,P3,00025,partner
C00207,P1,00112,partner
C00208,P1,00113,partner
C00209,DIRECT,00009,direct
C00210,P3,00026,partner
C00211,P1,00114,partner
C00212,DIRECT,00010,direct
C00213,P1,00115,partner
C00214,P1,00116,partner
C00215,P1,00117,partner
C00216,P1,00118,partner
C00217,P2,00063,partner
C00218,P2,00064,partner
C00219,P1,00119,partner
C00220,P2,00065,partner
C00221,P2,00066,partner
C00222,DIRECT,00011,direct
C00223,P3,00027,partner
C00224,P3,00028,partner
C00225,P1,00120,partner
C00226,P1,00121,partner
C00227,P1,00122,partner
C00228,P2,00067,partner
C00229,P1,00123,partner
C00230,P1,00124,partner
C00231,P2,00068,partner
C00232,P2,00069,partner
C00233,P2,00070,partner
C00234,P2,00071,partner
C00235,DIRECT,00012,direct
C00236,P2,00072,partner
C00237,P1,00125,partner
C00238,P2,00073,partner
C00239,P2,00074,partner
C00240,P1,00126,partner
C00241,DIRECT,00013,direct
C00242,P3,00029,partner
C00243,P1,00127,partner
C00244,P1,00128,partner
C00245,P2,00075,partner
C00246,P1,00129,partner
C00247,P1,00130,partner
C00248,P1,00131,partner
C00249,P2,00076,partner
C00250,P1,00132,partner
C00251,P3,00030,partner
C00252,P1,00133,partner
C00253,P1,00134,partner
C00254,P1,00135,partner
C00255,P3,00031,partner
C00256,P1,00136,partner
C00257,P1,00137,partner
C00258,P2,00077,partner
C00259,P1,00138,partner
C00260,P2,00078,partner
C00261,P2,00079,partner
C00262,P2,00080,partner
C00263,P3,00032,partner
C00264,P1,00139,partner
C00265,P2,00081,partner
C00266,P1,00140,partner
C00267,P3,00033,partner
C00268,P2,00082,partner
C00269,P3,00034,partner
C00270,P1,00141,partner
C00271,P1,00142,partner
C00272,P2,00083,partner
C00273,P1,00143,partner
C00274,P1,00144,partner
C00275,P2,00084,partner
C00276,P1,00145,partner
C00277,P2,00085,partner
C00278,P2,00086,partner
C00279,P1,00146,partner
C00280,P1,00147,partner
C00281,P1,00148,partner
C00282,P1,00149,partner
C00283,P1,00150,partner
C00284,P1,00151,partner
C00285,P2,00087,partner
C00286,P2,00088,partner
C00287,P1,00152,partner
C00288,P1,00153,partner
C00289,P1,00154,partner
C00290,P2,00089,partner
C00291,P1,00155,partner
C00292,P1,00156,partner
C00293,P1,00157,partner
C00294,P1,00158,partner
C00295,P1,00159,partner
C00296,P2,00090,partner
C00297,P1,00160,partner
C00298,P1,00161,partner
C00299,P3,00035,partner
C00300,P1,00162,partner
C00301,P3,00036,partner
C00302,P1,00163,partner
C00303,P1,00164,partner
C00304,DIRECT,00014,direct
C00305,P1,00165,partner
C00306,DIRECT,00015,direct
C00307,P1,00166,partner
C00308,P1,00167,partner
C00309,DIRECT,00016,direct
C00310,P2,00091,partner
C00311,P1,00168,partner
C00312,P2,00092,partner
C00313,P2,00093,partner
C00314,P1,00169,partner
C00315,DIRECT,00017,direct
C00316,P1,00170,partner
C00317,P1,00171,partner
C00318,P2,00094,partner
C00319,P2,00095,partner
C00320,P1,00172,partner
C00321,P2,00096,partner
C00322,P1,00173,partner
C00323,P1,00174,partner
C00324,P2,00097,partner
C00325,P2,00098,partner
C00326,P1,00175,partner
C00327,P1,00176,partner
C00328,P1,00177,partner
C00329,P1,00178,partner
C00330,P3,00037,partner
C00331,P3,00038,partner
C00332,P1,00179,partner
C00333,P1,00180,partner
C00334,P1,00181,partner
C00335,P1,00182,partner
C00336,P2,00099,partner
C00337,P2,00100,partner
C00338,P2,00101,partner
C00339,P3,00039,partner
C00340,P2,00102,partner
C00341,P3,00040,partner
C00342,P1,00183,partner
C00343,P1,00184,partner
C00344,P1,00185,partner
C00345,P1,00186,partner
C00346,P2,00103,partner
C00347,DIRECT,00018,direct
C00348,P1,00187,partner
C00349,P1,00188,partner
C00350,P1,00189,partner
C00351,P3,00041,partner
C00352,P2,00104,partner
C00353,P1,00190,partner
C00354,P2,00105,partner
C00355,P3,00042,partner
C00356,P2,00106,partner
C00357,P1,00191,partner
C00358,P2,00107,partner
C00359,P1,00192,partner
C00360,DIRECT,00019,direct
C00361,P1,00193,partner
C00362,P1,00194,partner
C00363,P2,00108,partner
C00364,P1,00195,partner
C00365,P1,00196,partner
C00366,P1,00197,partner
C00367,P1,00198,partner
C00368,P1,00199,partner
C00369,P1,00200,partner
C00370,P1,00201,partner
C00371,P2,00109,partner
C00372,P1,00202,partner
C00373,DIRECT,00020,direct
C00374,P2,00110,partner
C00375,P1,00203,partner
C00376,P2,00111,partner
C00377,P3,00043,partner
C00378,P2,00112,partner
C00379,P1,00204,partner
C00380,P1,00205,partner
C00381,P1,00206,partner
C00382,P2,00113,partner
C00383,P1,00207,partner
C00384,P1,00208,partner
C00385,P2,00114,partner
C00386,P3,00044,partner
C00387,P1,00209,partner
C00388,P2,00115,partner
C00389,P2,00116,partner
C00390,P2,00117,partner
C00391,P1,00210,partner
C00392,P3,00045,partner
C00393,P2,00118,partner
C00394,P2,00119,partner
C00395,P2,00120,partner
C00396,P3,00046,partner
C00397,P1,00211,partner
C00398,P1,00212,partner
C00399,P1,00213,partner
C00400,P1,00214,partner
C00401,P1,00215,partner
C00402,P1,00216,partner
C00403,P1,00217,partner
C00404,P1,00218,partner
C00405,P1,00219,partner
C00406,P1,00220,partner
C00407,P2,00121,partner
C00408,P1,00221,partner
C00409,P1,00222,partner
C00410,P1,00223,partner
C00411,P3,00047,partner
C00412,P1,00224,partner
C00413,P2,00122,partner
C00414,P1,00225,partner
C00415,P3,00048,partner
C00416,P2,00123,partner
C00417,P1,00226,partner
C00418,P1,00227,partner
C00419,P2,00124,partner
C00420,P2,00125,partner
C00421,P3,00049,partner
C00422,P1,00228,partner
C00423,DIRECT,00021,direct
C00424,P1,00229,partner
C00425,P2,00126,partner
C00426,P1,00230,partner
C00427,P2,00127,partner
C00428,P1,00231,partner
C00429,P1,00232,partner
C00430,P1,00233,partner
C00431,P2,00128,partner
C00432,P2,00129,partner
C00433,P3,00050,partner
C00434,P1,00234,partner
C00435,P2,00130,partner
C00436,P1,00235,partner
C00437,P3,00051,partner
C00438,P1,00236,partner
C00439,P1,00237,partner
C00440,P2,00131,partner
C00441,P2,00132,partner
C00442,P2,00133,partner
C00443,P1,00238,partner
C00444,P1,00239,partner
C00445,P1,00240,partner
C00446,P3,00052,partner
C00447,P3,00053,partner
C00448,P1,00241,partner
C00449,P3,00054,partner
C00450,P3,00055,partner
C00451,P1,00242,partner
C00452,P1,00243,partner
C00453,P1,00244,partner
C00454,P2,00134,partner
C00455,P3,00056,partner
C00456,P3,00057,partner
C00457,P3,00058,partner
C00458,P2,00135,partner
C00459,P1,00245,partner
C00460,P1,00246,partner
C00461,P3,00059,partner
C00462,P1,00247,partner
C00463,P1,00248,partner
C00464,DIRECT,00022,direct
C00465,P1,00249,partner
C00466,P1,00250,partner
C00467,DIRECT,00023,direct
C00468,P2,00136,partner
C00469,P1,00251,partner
C00470,P1,00252,partner
C00471,P2,00137,partner
C00472,P1,00253,partner
C00473,P2,00138,partner
C00474,P1,00254,partner
C00475,P1,00255,partner
C00476,P2,00139,partner
C00477,P1,00256,partner
C00478,P1,00257,partner
C00479,P3,00060,partner
C00480,P1,00258,partner
C00481,P3,00061,partner
C00482,P3,00062,partner
C00483,P1,00259,partner
C00484,P1,00260,partner
C00485,P2,00140,partner
C00486,P2,00141,partner
C00487,P3,00063,partner
C00488,P2,00142,partner
C00489,P1,00261,partner
C00490,P1,00262,partner
C00491,DIRECT,00024,direct
C00492,P1,00263,partner
C00493,P1,00264,partner
C00494,DIRECT,00025,direct
C00495,P2,00143,partner
C00496,P3,00064,partner
C00497,P1,00265,partner
C00498,P3,00065,partner
C00499,P3,00066,partner
C00500,P2,00144,partner
C00501,P1,00266,partner
C00502,P1,00267,partner
C00503,P1,00268,partner
C00504,P1,00269,partner
C00505,P2,00145,partner
C00506,P2,00146,partner
C00507,P1,00270,partner
C00508,P2,00147,partner
C00509,P3,00067,partner
C00510,P3,00068,partner
C00511,DIRECT,00026,direct
C00512,P3,00069,partner
C00513,P1,00271,partner
C00514,P2,00148,partner
C00515,P2,00149,partner
C00516,P1,00272,partner
C00517,P2,00150,partner
C00518,P1,00273,partner
C00519,P1,00274,partner
C00520,P3,00070,partner
C00521,P2,00151,partner
C00522,P1,00275,partner
C00523,P2,00152,partner
C00524,P3,00071,partner
C00525,P2,00153,partner
C00526,P2,00154,partner
C00527,P2,00155,partner
C00528,P2,00156,partner
C00529,P2,00157,partner
C00530,P1,00276,partner
C00531,P1,00277,partner
C00532,P1,00278,partner
C00533,P2,00158,partner
C00534,P1,00279,partner
C00535,P1,00280,partner
C00536,P1,00281,partner
C00537,P2,00159,partner
C00538,P3,00072,partner
C00539,P1,00282,partner
C00540,P2,00160,partner
C00541,P2,00161,partner
C00542,P1,00283,partner
C00543,P1,00284,partner
C00544,P2,00162,partner
C00545,DIRECT,00027,direct
C00546,P2,00163,partner
C00547,P1,00285,partner
C00548,P1,00286,partner
C00549,P3,00073,partner
C00550,P1,00287,partner
C00551,P1,00288,partner
C00552,P2,00164,partner
C00553,P1,00289,partner
C00554,P3,00074,partner
C00555,P3,00075,partner
C00556,P2,00165,partner
C00557,DIRECT,00028,direct
C00558,P3,00076,partner
C00559,P2,00166,partner
C00560,P1,00290,partner
C00561,P1,00291,partner
C00562,DIRECT,00029,direct
C00563,P2,00167,partner
C00564,P2,00168,partner
C00565,P2,00169,partner
C00566,P1,00292,partner
C00567,P1,00293,partner
C00568,P1,00294,partner
C00569,P2,00170,partner
C00570,DIRECT,00030,direct
C00571,P2,00171,partner
C00572,P1,00295,partner
C00573,P1,00296,partner
C00574,P1,00297,partner
C00575,P1,00298,partner
C00576,P1,00299,partner
C00577,P1,00300,partner
C00578,P3,00077,partner
C00579,P2,00172,partner
C00580,P2,00173,partner
C00581,P1,00301,partner
C00582,P1,00302,partner
C00583,P1,00303,partner
C00584,P1,00304,partner
C00585,P1,00305,partner
C00586,P1,00306,partner
C00587,P1,00307,partner
C00588,P1,00308,partner
C00589,P2,00174,partner
C00590,P2,00175,partner
C00591,P2,00176,partner
C00592,P2,00177,partner
C00593,DIRECT,00031,direct
C00594,P1,00309,partner
C00595,P1,00310,partner
C00596,P1,00311,partner
C00597,P1,00312,partner
C00598,P2,00178,partner
C00599,P1,00313,partner
C00600,P2,00179,partner
C00601,P1,00314,partner
C00602,P2,00180,partner
C00603,P1,00315,partner
C00604,P2,00181,partner
C00605,P1,00316,partner
C00606,P3,00078,partner
C00607,P2,00182,partner
C00608,P1,00317,partner
C00609,P2,00183,partner
C00610,P2,00184,partner
C00611,P2,00185,partner
C00612,P2,00186,partner
C00613,P1,00318,partner
C00614,DIRECT,00032,direct
C00615,P2,00187,partner
C00616,P3,00079,partner
C00617,P1,00319,partner
C00618,P2,00188,partner
C00619,P1,00320,partner
C00620,P3,00080,partner
C00621,P1,00321,partner
C00622,P1,00322,partner
C00623,P2,00189,partner
C00624,P2,00190,partner
C00625,P1,00323,partner
C00626,P2,00191,partner
C00627,P1,00324,partner
C00628,P1,00325,partner
C00629,P3,00081,partner
C00630,P1,00326,partner
C00631,P2,00192,partner
C00632,P1,00327,partner
C00633,P3,00082,partner
C00634,P2,00193,partner
C00635,P3,00083,partner
C00636,P1,00328,partner
C00637,P2,00194,partner
C00638,P2,00195,partner
C00639,P2,00196,partner
C00640,P3,00084,partner
C00641,P2,00197,partner
C00642,DIRECT,00033,direct
C00643,P2,00198,partner
C00644,P1,00329,partner
C00645,P1,00330,partner
C00646,P1,00331,partner
C00647,DIRECT,00034,direct
C00648,P1,00332,partner
C00649,P1,00333,partner
C00650,P1,00334,partner
C00651,P2,00199,partner
C00652,P2,00200,partner
C00653,P1,00335,partner
C00654,P1,00336,partner
C00655,DIRECT,00035,direct
C00656,P2,00201,partner
C00657,P2,00202,partner
C00658,P3,00085,partner
C00659,P2,00203,partner
C00660,P2,00204,partner
C00661,P2,00205,partner
C00662,P1,00337,partner
C00663,P2,00206,partner
C00664,P1,00338,partner
C00665,P2,00207,partner
C00666,P2,00208,partner
C00667,P2,00209,partner
C00668,P1,00339,partner
C00669,P1,00340,partner
C00670,P1,00341,partner
C00671,P2,00210,partner
C00672,P1,00342,partner
C00673,P2,00211,partner
C00674,P1,00343,partner
C00675,P2,00212,partner
C00676,P1,00344,partner
C00677,P2,00213,partner
C00678,P1,00345,partner
C00679,P1,00346,partner
C00680,P1,00347,partner
C00681,P2,00214,partner
C00682,P2,00215,partner
C00683,P1,00348,partner
C00684,P2,00216,partner
C00685,P2,00217,partner
C00686,P1,00349,partner
C00687,P1,00350,partner
C00688,P2,00218,partner
C00689,P1,00351,partner
C00690,P1,00352,partner
C00691,P1,00353,partner
C00692,P2,00219,partner
C00693,P2,00220,partner
C00694,P1,00354,partner
C00695,P3,00086,partner
C00696,DIRECT,00036,direct
C00697,P3,00087,partner
C00698,P2,00221,partner
C00699,P1,00355,partner
C00700,P1,00356,partner
C00701,P1,00357,partner
C00702,P1,00358,partner
C00703,P2,00222,partner
C00704,P3,00088,partner
C00705,P2,00223,partner
C00706,P3,00089,partner
C00707,DIRECT,00037,direct
C00708,P3,00090,partner
C00709,P3,00091,partner
C00710,P1,00359,partner
C00711,P1,00360,partner
C00712,P2,00224,partner
C00713,P1,00361,partner
C00714,P2,00225,partner
C00715,P2,00226,partner
C00716,P1,00362,partner
C00717,P1,00363,partner
C00718,P3,00092,partner
C00719,P1,00364,partner
C00720,P1,00365,partner
C00721,P1,00366,partner
C00722,P2,00227,partner
C00723,P1,00367,partner
C00724,P1,00368,partner
C00725,P1,00369,partner
C00726,P2,00228,partner
C00727,P2,00229,partner
C00728,P3,00093,partner
C00729,P2,00230,partner
C00730,P2,00231,partner
C00731,P2,00232,partner
C00732,P3,00094,partner
C00733,DIRECT,00038,direct
C00734,P3,00095,partner
C00735,P1,00370,partner
C00736,P2,00233,partner
C00737,P2,00234,partner
C00738,P1,00371,partner
C00739,P1,00372,partner
C00740,P1,00373,partner
C00741,P3,00096,partner
C00742,P2,00235,partner
C00743,P3,00097,partner
C00744,P2,00236,partner
C00745,P1,00374,partner
C00746,P2,00237,partner
C00747,P1,00375,partner
C00748,P3,00098,partner
C00749,P2,00238,partner
C00750,P1,00376,partner
C00751,DIRECT,00039,direct
C00752,P1,00377,partner
C00753,P2,00239,partner
C00754,P2,00240,partner
C00755,P1,00378,partner
C00756,P1,00379,partner
C00757,P1,00380,partner
C00758,P1,00381,partner
C00759,P3,00099,partner
C00760,P2,00241,partner
C00761,P1,00382,partner
C00762,P1,00383,partner
C00763,P1,00384,partner
C00764,P1,00385,partner
C00765,P1,00386,partner
C00766,P1,00387,partner
C00767,P2,00242,partner
C00768,P2,00243,partner
C00769,P1,00388,partner
C00770,P3,00100,partner
C00771,P1,00389,partner
C00772,P2,00244,partner
C00773,P2,00245,partner
C00774,P1,00390,partner
C00775,P2,00246,partner
C00776,P2,00247,partner
C00777,P1,00391,partner
C00778,P1,00392,partner
C00779,P1,00393,partner
C00780,P1,00394,partner
C00781,P1,00395,partner
C00782,P3,00101,partner
C00783,P2,00248,partner
C00784,P2,00249,partner
C00785,P1,00396,partner
C00786,P1,00397,partner
C00787,P3,00102,partner
C00788,DIRECT,00040,direct
C00789,P1,00398,partner
C00790,DIRECT,00041,direct
C00791,DIRECT,00042,direct
C00792,P2,00250,partner
C00793,P1,00399,partner
C00794,P1,00400,partner
C00795,P1,00401,partner
C00796,P1,00402,partner
C00797,P1,00403,partner
C00798,P1,00404,partner
C00799,P2,00251,partner
C00800,P1,00405,partner
C00801,P2,00252,partner
C00802,P2,00253,partner
C00803,P1,00406,partner
C00804,P1,00407,partner
C00805,P1,00408,partner
C00806,P1,00409,partner
C00807,P1,00410,partner
C00808,P2,00254,partner
C00809,P2,00255,partner
C00810,P2,00256,partner
C00811,P3,00103,partner
C00812,P2,00257,partner
C00813,P1,00411,partner
C00814,P1,00412,partner
C00815,P1,00413,partner
C00816,P1,00414,partner
C00817,P1,00415,partner
C00818,P1,00416,partner
C00819,P1,00417,partner
C00820,P1,00418,partner
C00821,P3,00104,partner
C00822,P1,00419,partner
C00823,P1,00420,partner
C00824,P1,00421,partner
C00825,P1,00422,partner
C00826,P1,00423,partner
C00827,P2,00258,partner
C00828,P2,00259,partner
C00829,P1,00424,partner
C00830,P2,00260,partner
C00831,P1,00425,partner
C00832,P2,00261,partner
C00833,P3,00105,partner
C00834,P1,00426,partner
C00835,P1,00427,partner
C00836,P1,00428,partner
C00837,P1,00429,partner
C00838,P3,00106,partner
C00839,P2,00262,partner
C00840,P2,00263,partner
C00841,P1,00430,partner
C00842,P2,00264,partner
C00843,P2,00265,partner
C00844,P1,00431,partner
C00845,P2,00266,partner
C00846,P2,00267,partner
C00847,P3,00107,partner
C00848,P1,00432,partner
C00849,P2,00268,partner
C00850,P1,00433,partner
C00851,P3,00108,partner
C00852,P1,00434,partner
C00853,P1,00435,partner
C00854,P1,00436,partner
C00855,P1,00437,partner
C00856,P2,00269,partner
C00857,P2,00270,partner
C00858,P1,00438,partner
C00859,P2,00271,partner
C00860,P2,00272,partner
C00861,P2,00273,partner
C00862,P1,00439,partner
C00863,P1,00440,partner
C00864,P2,00274,partner
C00865,P2,00275,partner
C00866,P1,00441,partner
C00867,P1,00442,partner
C00868,P2,00276,partner
C00869,P1,00443,partner
C00870,P1,00444,partner
C00871,P1,00445,partner
C00872,P1,00446,partner
C00873,P2,00277,partner
C00874,DIRECT,00043,direct
C00875,P3,00109,partner
C00876,P1,00447,partner
C00877,P1,00448,partner
C00878,P1,00449,partner
C00879,P1,00450,partner
C00880,P1,00451,partner
C00881,P3,00110,partner
C00882,P1,00452,partner
C00883,P2,00278,partner
C00884,P1,00453,partner
C00885,P3,00111,partner
C00886,P1,00454,partner
C00887,P1,00455,partner
C00888,P3,00112,partner
C00889,P3,00113,partner
C00890,P1,00456,partner
C00891,DIRECT,00044,direct
C00892,P3,00114,partner
C00893,P1,00457,partner
C00894,P1,00458,partner
C00895,P3,00115,partner
C00896,P2,00279,partner
C00897,P1,00459,partner
C00898,P3,00116,partner
C00899,P1,00460,partner
C00900,P1,00461,partner
C00901,P1,00462,partner
C00902,P1,00463,partner
C00903,P2,00280,partner
C00904,P1,00464,partner
C00905,P3,00117,partner
C00906,P2,00281,partner
C00907,P1,00465,partner
C00908,P2,00282,partner
C00909,P1,00466,partner
C00910,P1,00467,partner
C00911,P1,00468,partner
C00912,P1,00469,partner
C00913,P1,00470,partner
C00914,P1,00471,partner
C00915,P1,00472,partner
C00916,P2,00283,partner
C00917,P1,00473,partner
C00918,P1,00474,partner
C00919,P1,00475,partner
C00920,P2,00284,partner
C00921,P2,00285,partner
C00922,P1,00476,partner
C00923,P2,00286,partner
C00924,P3,00118,partner
C00925,P1,00477,partner
C00926,P3,00119,partner
C00927,P2,00287,partner
C00928,P2,00288,partner
C00929,P1,00478,partner
C00930,P2,00289,partner
C00931,DIRECT,00045,direct
C00932,P1,00479,partner
C00933,P1,00480,partner
C00934,P1,00481,partner
C00935,P2,00290,partner
C00936,P1,00482,partner
C00937,P1,00483,partner
C00938,P2,00291,partner
C00939,P1,00484,partner
C00940,P3,00120,partner
C00941,P1,00485,partner
C00942,P2,00292,partner
C00943,P1,00486,partner
C00944,P1,00487,partner
C00945,P2,00293,partner
C00946,P2,00294,partner
C00947,P1,00488,partner
C00948,P2,00295,partner
C00949,P2,00296,partner
C00950,P2,00297,partner
C00951,P2,00298,partner
C00952,P1,00489,partner
C00953,P3,00121,partner
C00954,P1,00490,partner
C00955,P1,00491,partner
C00956,P2,00299,partner
C00957,P1,00492,partner
C00958,P1,00493,partner
C00959,P1,00494,partner
C00960,P2,00300,partner
C00961,P3,00122,partner
C00962,P1,00495,partner
C00963,P1,00496,partner
C00964,P1,00497,partner
C00965,P1,00498,partner
C00966,P2,00301,partner
C00967,P1,00499,partner
C00968,P2,00302,partner
C00969,P2,00303,partner
C00970,P1,00500,partner
C00971,P3,00123,partner
C00972,P1,00501,partner
C00973,P1,00502,partner
C00974,P2,00304,partner
C00975,P2,00305,partner
C00976,P3,00124,partner
C00977,P1,00503,partner
C00978,P1,00504,partner
C00979,DIRECT,00046,direct
C00980,P1,00505,partner
C00981,P2,00306,partner
C00982,P2,00307,partner
C00983,P1,00506,partner
C00984,P1,00507,partner
C00985,P2,00308,partner
C00986,P2,00309,partner
C00987,P1,00508,partner
C00988,P1,00509,partner
C00989,P1,00510,partner
C00990,P2,00310,partner
C00991,P3,00125,partner
C00992,P1,00511,partner
C00993,P1,00512,partner
C00994,P1,00513,partner
C00995,P1,00514,partner
C00996,P1,00515,partner
C00997,DIRECT,00047,direct
C00998,P1,00516,partner
C00999,P3,00126,partner
C01000,P2,00311,partner
C01001,P3,00127,partner
C01002,P2,00312,partner
C01003,P1,00517,partner
C01004,P2,00313,partner
C01005,P3,00128,partner
C01006,P1,00518,partner
C01007,P1,00519,partner
C01008,P1,00520,partner
C01009,P2,00314,partner
C01010,P1,00521,partner
C01011,P1,00522,partner
C01012,P1,00523,partner
C01013,P1,00524,partner
C01014,P2,00315,partner
C01015,P1,00525,partner
C01016,P1,00526,partner
C01017,P1,00527,partner
C01018,P2,00316,partner
C01019,P1,00528,partner
C01020,P3,00129,partner
C01021,P1,00529,partner
C01022,P1,00530,partner
C01023,P1,00531,partner
C01024,P3,00130,partner
C01025,P2,00317,partner
C01026,P1,00532,partner
C01027,DIRECT,00048,direct
C01028,P2,00318,partner
C01029,P1,00533,partner
C01030,P1,00534,partner
C01031,P1,00535,partner
C01032,P3,00131,partner
C01033,P1,00536,partner
C01034,P2,00319,partner
C01035,P2,00320,partner
C01036,P1,00537,partner
C01037,P2,00321,partner
C01038,P1,00538,partner
C01039,P1,00539,partner
C01040,P1,00540,partner
C01041,DIRECT,00049,direct
C01042,P2,00322,partner
C01043,P1,00541,partner
C01044,P3,00132,partner
C01045,P1,00542,partner
C01046,P1,00543,partner
C01047,P1,00544,partner
C01048,P1,00545,partner
C01049,P1,00546,partner
C01050,P2,00323,partner
C01051,P1,00547,partner
C01052,P3,00133,partner
C01053,P1,00548,partner
C01054,DIRECT,00050,direct
C01055,P1,00549,partner
C01056,P3,00134,partner
C01057,P1,00550,partner
C01058,P2,00324,partner
C01059,P2,00325,partner
C01060,P2,00326,partner
C01061,P2,00327,partner
C01062,P1,00551,partner
C01063,P1,00552,partner
C01064,DIRECT,00051,direct
C01065,P1,00553,partner
C01066,P1,00554,partner
C01067,P1,00555,partner
C01068,P1,00556,partner
C01069,P1,00557,partner
C01070,P2,00328,partner
C01071,P1,00558,partner
C01072,P1,00559,partner
C01073,P1,00560,partner
C01074,DIRECT,00052,direct
C01075,P1,00561,partner
C01076,P2,00329,partner
C01077,P1,00562,partner
C01078,P2,00330,partner
C01079,P1,00563,partner
C01080,P1,00564,partner
C01081,P3,00135,partner
C01082,P3,00136,partner
C01083,P1,00565,partner
C01084,P1,00566,partner
C01085,P1,00567,partner
C01086,P2,00331,partner
C01087,P2,00332,partner
C01088,P1,00568,partner
C01089,P3,00137,partner
C01090,P3,00138,partner
C01091,P2,00333,partner
C01092,P1,00569,partner
C01093,P1,00570,partner
C01094,P2,00334,partner
C01095,P2,00335,partner
C01096,P2,00336,partner
C01097,P2,00337,partner
C01098,P2,00338,partner
C01099,P3,00139,partner
C01100,P2,00339,partner
C01101,P1,00571,partner
C01102,P3,00140,partner
C01103,P1,00572,partner
C01104,P2,00340,partner
C01105,P2,00341,partner
C01106,P2,00342,partner
C01107,P1,00573,partner
C01108,P1,00574,partner
C01109,P1,00575,partner
C01110,P1,00576,partner
C01111,P1,00577,partner
C01112,P1,00578,partner
C01113,P2,00343,partner
C01114,P3,00141,partner
C01115,P1,00579,partner
C01116,P2,00344,partner
C01117,P1,00580,partner
C01118,P1,00581,partner
C01119,P1,00582,partner
C01120,P2,00345,partner
C01121,P1,00583,partner
C01122,P1,00584,partner
C01123,P1,00585,partner
C01124,P2,00346,partner
C01125,P1,00586,partner
C01126,P1,00587,partner
C01127,P1,00588,partner
C01128,P1,00589,partner
C01129,P2,00347,partner
C01130,P1,00590,partner
C01131,P2,00348,partner
C01132,P2,00349,partner
C01133,P2,00350,partner
C01134,P1,00591,partner
C01135,P2,00351,partner
C01136,DIRECT,00053,direct
C01137,DIRECT,00054,direct
C01138,P1,00592,partner
C01139,P1,00593,partner
C01140,P2,00352,partner
C01141,P1,00594,partner
C01142,P1,00595,partner
C01143,P1,00596,partner
C01144,P2,00353,partner
C01145,P3,00142,partner
C01146,P1,00597,partner
C01147,P2,00354,partner
C01148,P3,00143,partner
C01149,P2,00355,partner
C01150,P1,00598,partner
C01151,P3,00144,partner
C01152,P1,00599,partner
C01153,P1,00600,partner
C01154,P1,00601,partner
C01155,P3,00145,partner
C01156,P1,00602,partner
C01157,P2,00356,partner
C01158,P1,00603,partner
C01159,P2,00357,partner
C01160,P3,00146,partner
C01161,P1,00604,partner
C01162,P1,00605,partner
C01163,P1,00606,partner
C01164,P1,00607,partner
C01165,P3,00147,partner
C01166,P1,00608,partner
C01167,P1,00609,partner
C01168,P1,00610,partner
C01169,P2,00358,partner
C01170,P2,00359,partner
C01171,P1,00611,partner
C01172,P1,00612,partner
C01173,DIRECT,00055,direct
C01174,P3,00148,partner
C01175,P2,00360,partner
C01176,P1,00613,partner
C01177,P1,00614,partner
C01178,P1,00615,partner
C01179,P1,00616,partner
C01180,P1,00617,partner
C01181,P3,00149,partner
C01182,P3,00150,partner
C01183,P1,00618,partner
C01184,P1,00619,partner
C01185,P1,00620,partner
C01186,P3,00151,partner
C01187,P1,00621,partner
C01188,P1,00622,partner
C01189,P1,00623,partner
C01190,P1,00624,partner
C01191,P2,00361,partner
C01192,P1,00625,partner
C01193,P1,00626,partner
C01194,P1,00627,partner
C01195,P1,00628,partner
C01196,P2,00362,partner
C01197,P1,00629,partner
C01198,P2,00363,partner
C01199,P3,00152,partner
C01200,P1,00630,partner
C01201,P2,00364,partner
C01202,P1,00631,partner
C01203,P2,00365,partner
C01204,DIRECT,00056,direct
C01205,P3,00153,partner
C01206,P3,00154,partner
C01207,DIRECT,00057,direct
C01208,P1,00632,partner
C01209,P1,00633,partner
C01210,P2,00366,partner
C01211,P1,00634,partner
C01212,P1,00635,partner
C01213,P3,00155,partner
C01214,P2,00367,partner
C01215,P1,00636,partner
C01216,P3,00156,partner
C01217,P2,00368,partner
C01218,P1,00637,partner
C01219,P1,00638,partner
C01220,P1,00639,partner
C01221,P1,00640,partner
C01222,P2,00369,partner
C01223,P1,00641,partner
C01224,P2,00370,partner
C01225,P1,00642,partner
C01226,P2,00371,partner
C01227,P3,00157,partner
C01228,P3,00158,partner
C01229,P2,00372,partner
C01230,P1,00643,partner
C01231,P1,00644,partner
C01232,P3,00159,partner
C01233,P1,00645,partner
C01234,P1,00646,partner
C01235,P3,00160,partner
C01236,P3,00161,partner
C01237,P1,00647,partner
C01238,P3,00162,partner
C01239,P2,00373,partner
C01240,P1,00648,partner
C01241,P2,00374,partner
C01242,P3,00163,partner
C01243,P1,00649,partner
C01244,P1,00650,partner
C01245,P3,00164,partner
C01246,P2,00375,partner
C01247,P1,00651,partner
C01248,P3,00165,partner
C01249,P1,00652,partner
C01250,P1,00653,partner
C01251,P1,00654,partner
C01252,P1,00655,partner
C01253,P1,00656,partner
C01254,P2,00376,partner
C01255,P2,00377,partner
C01256,P2,00378,partner
C01257,P2,00379,partner
C01258,P3,00166,partner
C01259,P1,00657,partner
C01260,P1,00658,partner
C01261,P1,00659,partner
C01262,P3,00167,partner
C01263,P1,00660,partner
C01264,DIRECT,00058,direct
C01265,P2,00380,partner
C01266,P2,00381,partner
C01267,P1,00661,partner
C01268,P3,00168,partner
C01269,P3,00169,partner
C01270,P2,00382,partner
C01271,P1,00662,partner
C01272,P1,00663,partner
C01273,P2,00383,partner
C01274,P1,00664,partner
C01275,P1,00665,partner
C01276,P2,00384,partner
C01277,P2,00385,partner
C01278,P3,00170,partner
C01279,P1,00666,partner
C01280,P1,00667,partner
C01281,P1,00668,partner
C01282,P1,00669,partner
C01283,P1,00670,partner
C01284,P1,00671,partner
C01285,P2,00386,partner
C01286,P2,00387,partner
C01287,P3,00171,partner
C01288,P1,00672,partner
C01289,P1,00673,partner
C01290,P2,00388,partner
C01291,P3,00172,partner
C01292,P1,00674,partner
C01293,P1,00675,partner
C01294,P2,00389,partner
C01295,P1,00676,partner
C01296,P1,00677,partner
C01297,P1,00678,partner
C01298,P2,00390,partner
C01299,P2,00391,partner
C01300,P1,00679,partner
C01301,P1,00680,partner
C01302,DIRECT,00059,direct
C01303,P3,00173,partner
C01304,P1,00681,partner
C01305,P1,00682,partner
C01306,P1,00683,partner
C01307,P1,00684,partner
C01308,P2,00392,partner
C01309,P1,00685,partner
C01310,P1,00686,partner
C01311,P3,00174,partner
C01312,P1,00687,partner
C01313,P1,00688,partner
C01314,P1,00689,partner
C01315,P1,00690,partner
C01316,P1,00691,partner
C01317,P1,00692,partner
C01318,P1,00693,partner
C01319,P2,00393,partner
C01320,P1,00694,partner
C01321,P1,00695,partner
C01322,P3,00175,partner
C01323,P1,00696,partner
C01324,P1,00697,partner
C01325,P3,00176,partner
C01326,P3,00177,partner
C01327,P3,00178,partner
C01328,P1,00698,partner
C01329,P2,00394,partner
C01330,P1,00699,partner
C01331,P2,00395,partner
C01332,DIRECT,00060,direct
C01333,P1,00700,partner
C01334,P2,00396,partner
C01335,DIRECT,00061,direct
C01336,P1,00701,partner
C01337,P1,00702,partner
C01338,P2,00397,partner
C01339,P3,00179,partner
C01340,P1,00703,partner
C01341,P1,00704,partner
C01342,P1,00705,partner
C01343,P3,00180,partner
C01344,P1,00706,partner
C01345,P2,00398,partner
C01346,P2,00399,partner
C01347,P1,00707,partner
C01348,P1,00708,partner
C01349,DIRECT,00062,direct
C01350,P1,00709,partner
C01351,P2,00400,partner
C01352,DIRECT,00063,direct
C01353,P1,00710,partner
C01354,P1,00711,partner
C01355,P3,00181,partner
C01356,P1,00712,partner
C01357,P1,00713,partner
C01358,P1,00714,partner
C01359,P1,00715,partner
C01360,P1,00716,partner
C01361,P1,00717,partner
C01362,P1,00718,partner
C01363,P1,00719,partner
C01364,P3,00182,partner
C01365,P3,00183,partner
C01366,P1,00720,partner
C01367,P1,00721,partner
C01368,P3,00184,partner
C01369,P1,00722,partner
C01370,P2,00401,partner
C01371,P2,00402,partner
C01372,P1,00723,partner
C01373,P2,00403,partner
C01374,P2,00404,partner
C01375,P1,00724,partner
C01376,P1,00725,partner
C01377,P1,00726,partner
C01378,P1,00727,partner
C01379,P1,00728,partner
C01380,P1,00729,partner
C01381,P2,00405,partner
C01382,P1,00730,partner
C01383,P2,00406,partner
C01384,P2,00407,partner
C01385,P1,00731,partner
C01386,P2,00408,partner
C01387,P1,00732,partner
C01388,P1,00733,partner
C01389,P2,00409,partner
C01390,P1,00734,partner
C01391,P2,00410,partner
C01392,P1,00735,partner
C01393,P2,00411,partner
C01394,P2,00412,partner
C01395,P1,00736,partner
C01396,P1,00737,partner
C01397,P1,00738,partner
C01398,P1,00739,partner
C01399,P2,00413,partner
C01400,P1,00740,partner
C01401,P1,00741,partner
C01402,P2,00414,partner
C01403,P3,00185,partner
C01404,P3,00186,partner
C01405,P3,00187,partner
C01406,P2,00415,partner
C01407,P1,00742,partner
C01408,P2,00416,partner
C01409,P2,00417,partner
C01410,P1,00743,partner
C01411,P1,00744,partner
C01412,P2,00418,partner
C01413,P2,00419,partner
C01414,P1,00745,partner
C01415,P2,00420,partner
C01416,P1,00746,partner
C01417,P1,00747,partner
C01418,P3,00188,partner
C01419,P1,00748,partner
C01420,P1,00749,partner
C01421,P1,00750,partner
C01422,P1,00751,partner
C01423,P3,00189,partner
C01424,P1,00752,partner
C01425,P3,00190,partner
C01426,P1,00753,partner
C01427,P2,00421,partner
C01428,P1,00754,partner
C01429,DIRECT,00064,direct
C01430,P1,00755,partner
C01431,P2,00422,partner
C01432,P1,00756,partner
C01433,P1,00757,partner
C01434,P3,00191,partner
C01435,P1,00758,partner
C01436,P3,00192,partner
C01437,P1,00759,partner
C01438,P1,00760,partner
C01439,DIRECT,00065,direct
C01440,P3,00193,partner
C01441,P2,00423,partner
C01442,P1,00761,partner
C01443,P1,00762,partner
C01444,P1,00763,partner
C01445,P1,00764,partner
C01446,P2,00424,partner
C01447,P2,00425,partner
C01448,P1,00765,partner
C01449,P1,00766,partner
C01450,P2,00426,partner
C01451,P3,00194,partner
C01452,DIRECT,00066,direct
C01453,P1,00767,partner
C01454,P1,00768,partner
C01455,P2,00427,partner
C01456,P1,00769,partner
C01457,P3,00195,partner
C01458,P1,00770,partner
C01459,P1,00771,partner
C01460,P1,00772,partner
C01461,P1,00773,partner
C01462,P1,00774,partner
C01463,P2,00428,partner
C01464,P1,00775,partner
C01465,P2,00429,partner
C01466,P3,00196,partner
C01467,P3,00197,partner
C01468,P1,00776,partner
C01469,P2,00430,partner
C01470,P1,00777,partner
C01471,P2,00431,partner
C01472,P1,00778,partner
C01473,P3,00198,partner
C01474,P1,00779,partner
C01475,P1,00780,partner
C01476,P1,00781,partner
C01477,P2,00432,partner
C01478,P2,00433,partner
C01479,P1,00782,partner
C01480,P2,00434,partner
C01481,P2,00435,partner
C01482,P2,00436,partner
C01483,P1,00783,partner
C01484,P1,00784,partner
C01485,P2,00437,partner
C01486,P3,00199,partner
C01487,P1,00785,partner
C01488,P1,00786,partner
C01489,P1,00787,partner
C01490,P1,00788,partner
C01491,P1,00789,partner
C01492,P2,00438,partner
C01493,P1,00790,partner
C01494,P2,00439,partner
C01495,P1,00791,partner
C01496,P2,00440,partner
C01497,P1,00792,partner
C01498,P3,00200,partner
C01499,P1,00793,partner
C01500,P1,00794,partner
C01501,P3,00201,partner
C01502,P3,00202,partner
C01503,P1,00795,partner
C01504,P2,00441,partner
C01505,DIRECT,00067,direct
C01506,P1,00796,partner
C01507,P3,00203,partner
C01508,P2,00442,partner
C01509,P3,00204,partner
C01510,P1,00797,partner
C01511,P3,00205,partner
C01512,P2,00443,partner
C01513,P3,00206,partner
C01514,P3,00207,partner
C01515,P3,00208,partner
C01516,DIRECT,00068,direct
C01517,DIRECT,00069,direct
C01518,P1,00798,partner
C01519,P1,00799,partner
C01520,P2,00444,partner
C01521,DIRECT,00070,direct
C01522,P2,00445,partner
C01523,P3,00209,partner
C01524,P2,00446,partner
C01525,P2,00447,partner
C01526,P2,00448,partner
C01527,P1,00800,partner
C01528,P1,00801,partner
C01529,P2,00449,partner
C01530,P1,00802,partner
C01531,P1,00803,partner
C01532,P3,00210,partner
C01533,P1,00804,partner
C01534,P1,00805,partner
C01535,P1,00806,partner
C01536,P3,00211,partner
C01537,P3,00212,partner
C01538,P3,00213,partner
C01539,P2,00450,partner
C01540,P1,00807,partner
C01541,P1,00808,partner
C01542,P3,00214,partner
C01543,P1,00809,partner
C01544,P1,00810,partner
C01545,P2,00451,partner
C01546,P1,00811,partner
C01547,P2,00452,partner
C01548,DIRECT,00071,direct
C01549,P2,00453,partner
C01550,P3,00215,partner
C01551,P1,00812,partner
C01552,P2,00454,partner
C01553,P3,00216,partner
C01554,P1,00813,partner
C01555,P2,00455,partner
C01556,P1,00814,partner
C01557,P1,00815,partner
C01558,P1,00816,partner
C01559,P3,00217,partner
C01560,P2,00456,partner
C01561,P1,00817,partner
C01562,P1,00818,partner
C01563,P3,00218,partner
C01564,P1,00819,partner
C01565,P1,00820,partner
C01566,P1,00821,partner
C01567,P1,00822,partner
C01568,DIRECT,00072,direct
C01569,P1,00823,partner
C01570,P1,00824,partner
C01571,P2,00457,partner
C01572,P2,00458,partner
C01573,P1,00825,partner
C01574,P2,00459,partner
C01575,P1,00826,partner
C01576,P3,00219,partner
C01577,P1,00827,partner
C01578,P2,00460,partner
C01579,P1,00828,partner
C01580,P2,00461,partner
C01581,P1,00829,partner
C01582,DIRECT,00073,direct
C01583,P3,00220,partner
C01584,P1,00830,partner
C01585,P1,00831,partner
C01586,P1,00832,partner
C01587,P2,00462,partner
C01588,P2,00463,partner
C01589,P1,00833,partner
C01590,P1,00834,partner
C01591,P2,00464,partner
C01592,P3,00221,partner
C01593,P1,00835,partner
C01594,P1,00836,partner
C01595,P2,00465,partner
C01596,P2,00466,partner
C01597,P1,00837,partner
C01598,P3,00222,partner
C01599,P2,00467,partner
C01600,P2,00468,partner
C01601,P1,00838,partner
C01602,P1,00839,partner
C01603,P1,00840,partner
C01604,P1,00841,partner
C01605,P1,00842,partner
C01606,P1,00843,partner
C01607,P1,00844,partner
C01608,P1,00845,partner
C01609,P2,00469,partner
C01610,P1,00846,partner
C01611,P2,00470,partner
C01612,P3,00223,partner
C01613,DIRECT,00074,direct
C01614,P1,00847,partner
C01615,P1,00848,partner
C01616,P3,00224,partner
C01617,P1,00849,partner
C01618,P2,00471,partner
C01619,P2,00472,partner
C01620,P3,00225,partner
C01621,P1,00850,partner
C01622,P2,00473,partner
C01623,P1,00851,partner
C01624,P2,00474,partner
C01625,P2,00475,partner
C01626,P3,00226,partner
C01627,P1,00852,partner
C01628,P1,00853,partner
C01629,P3,00227,partner
C01630,P1,00854,partner
C01631,P1,00855,partner
C01632,P2,00476,partner
C01633,P1,00856,partner
C01634,P2,00477,partner
C01635,P1,00857,partner
C01636,P3,00228,partner
C01637,P2,00478,partner
C01638,P2,00479,partner
C01639,P2,00480,partner
C01640,P1,00858,partner
C01641,P2,00481,partner
C01642,P2,00482,partner
C01643,P1,00859,partner
C01644,P3,00229,partner
C01645,P1,00860,partner
C01646,P2,00483,partner
C01647,P2,00484,partner
C01648,P2,00485,partner
C01649,P1,00861,partner
C01650,P1,00862,partner
C01651,P1,00863,partner
C01652,P3,00230,partner
C01653,P1,00864,partner
C01654,P2,00486,partner
C01655,P2,00487,partner
C01656,P3,00231,partner
C01657,P3,00232,partner
C01658,P2,00488,partner
C01659,P3,00233,partner
C01660,P1,00865,partner
C01661,P1,00866,partner
C01662,P2,00489,partner
C01663,P3,00234,partner
C01664,P1,00867,partner
C01665,P1,00868,partner
C01666,P3,00235,partner
C01667,P2,00490,partner
C01668,P2,00491,partner
C01669,P1,00869,partner
C01670,P1,00870,partner
C01671,P1,00871,partner
C01672,P1,00872,partner
C01673,P1,00873,partner
C01674,P2,00492,partner
C01675,DIRECT,00075,direct
C01676,P2,00493,partner
C01677,P1,00874,partner
C01678,P3,00236,partner
C01679,P2,00494,partner
C01680,P2,00495,partner
C01681,P1,00875,partner
C01682,P1,00876,partner
C01683,P1,00877,partner
C01684,P3,00237,partner
C01685,P2,00496,partner
C01686,P2,00497,partner
C01687,P1,00878,partner
C01688,P1,00879,partner
C01689,P1,00880,partner
C01690,P3,00238,partner
C01691,P1,00881,partner
C01692,P2,00498,partner
C01693,P2,00499,partner
C01694,P3,00239,partner
C01695,P2,00500,partner
C01696,P1,00882,partner
C01697,DIRECT,00076,direct
C01698,P1,00883,partner
C01699,P3,00240,partner
C01700,P2,00501,partner
C01701,P1,00884,partner
C01702,DIRECT,00077,direct
C01703,P1,00885,partner
C01704,P1,00886,partner
C01705,P2,00502,partner
C01706,P1,00887,partner
C01707,P1,00888,partner
C01708,P2,00503,partner
C01709,P1,00889,partner
C01710,P1,00890,partner
C01711,P1,00891,partner
C01712,P1,00892,partner
C01713,P1,00893,partner
C01714,P1,00894,partner
C01715,P3,00241,partner
C01716,P1,00895,partner
C01717,P2,00504,partner
C01718,P1,00896,partner
C01719,P2,00505,partner
C01720,P1,00897,partner
C01721,P1,00898,partner
C01722,P1,00899,partner
C01723,P3,00242,partner
C01724,P2,00506,partner
C01725,P1,00900,partner
C01726,P1,00901,partner
C01727,P3,00243,partner
C01728,P2,00507,partner
C01729,P1,00902,partner
C01730,P3,00244,partner
C01731,P1,00903,partner
C01732,P1,00904,partner
C01733,P3,00245,partner
C01734,P3,00246,partner
C01735,P1,00905,partner
C01736,P2,00508,partner
C01737,P3,00247,partner
C01738,P3,00248,partner
C01739,P3,00249,partner
C01740,P1,00906,partner
C01741,P1,00907,partner
C01742,P1,00908,partner
C01743,P3,00250,partner
C01744,P3,00251,partner
C01745,P2,00509,partner
C01746,P1,00909,partner
C01747,P2,00510,partner
C01748,P2,00511,partner
C01749,P3,00252,partner
C01750,P3,00253,partner
C01751,P1,00910,partner
C01752,P2,00512,partner
C01753,P2,00513,partner
C01754,P1,00911,partner
C01755,P2,00514,partner
C01756,P1,00912,partner
C01757,P2,00515,partner
C01758,P1,00913,partner
C01759,P1,00914,partner
C01760,P1,00915,partner
C01761,P2,00516,partner
C01762,P1,00916,partner
C01763,P2,00517,partner
C01764,P1,00917,partner
C01765,P2,00518,partner
C01766,P1,00918,partner
C01767,P1,00919,partner
C01768,P1,00920,partner
C01769,P1,00921,partner
C01770,P3,00254,partner
C01771,P2,00519,partner
C01772,P1,00922,partner
C01773,P1,00923,partner
C01774,P3,00255,partner
C01775,P2,00520,partner
C01776,P1,00924,partner
C01777,P1,00925,partner
C01778,P2,00521,partner
C01779,P3,00256,partner
C01780,P1,00926,partner
C01781,P2,00522,partner
C01782,P3,00257,partner
C01783,P3,00258,partner
C01784,P1,00927,partner
C01785,P1,00928,partner
C01786,DIRECT,00078,direct
C01787,P3,00259,partner
C01788,P1,00929,partner
C01789,P3,00260,partner
C01790,P2,00523,partner
C01791,DIRECT,00079,direct
C01792,P1,00930,partner
C01793,P1,00931,partner
C01794,P1,00932,partner
C01795,P2,00524,partner
C01796,DIRECT,00080,direct
C01797,P1,00933,partner
C01798,P1,00934,partner
C01799,P3,00261,partner
C01800,P2,00525,partner
C01801,P2,00526,partner
C01802,P1,00935,partner
C01803,P1,00936,partner
C01804,P2,00527,partner
C01805,P3,00262,partner
C01806,P3,00263,partner
C01807,P1,00937,partner
C01808,P1,00938,partner
C01809,P1,00939,partner
C01810,P1,00940,partner
C01811,P1,00941,partner
C01812,P1,00942,partner
C01813,P2,00528,partner
C01814,P3,00264,partner
C01815,P1,00943,partner
C01816,P3,00265,partner
C01817,P1,00944,partner
C01818,P1,00945,partner
C01819,P1,00946,partner
C01820,P1,00947,partner
C01821,P1,00948,partner
C01822,P2,00529,partner
C01823,P1,00949,partner
C01824,P2,00530,partner
C01825,P2,00531,partner
C01826,P3,00266,partner
C01827,P1,00950,partner
C01828,DIRECT,00081,direct
C01829,P1,00951,partner
C01830,P1,00952,partner
C01831,P2,00532,partner
C01832,P1,00953,partner
C01833,P1,00954,partner
C01834,P2,00533,partner
C01835,P1,00955,partner
C01836,P3,00267,partner
C01837,P2,00534,partner
C01838,P1,00956,partner
C01839,P3,00268,partner
C01840,P2,00535,partner
C01841,P3,00269,partner
C01842,P2,00536,partner
C01843,P3,00270,partner
C01844,P2,00537,partner
C01845,P2,00538,partner
C01846,P3,00271,partner
C01847,P3,00272,partner
C01848,P2,00539,partner
C01849,P1,00957,partner
C01850,P1,00958,partner
C01851,P1,00959,partner
C01852,P2,00540,partner
C01853,P1,00960,partner
C01854,P2,00541,partner
C01855,P2,00542,partner
C01856,P1,00961,partner
C01857,P1,00962,partner
C01858,P2,00543,partner
C01859,P1,00963,partner
C01860,P1,00964,partner
C01861,P2,00544,partner
C01862,P1,00965,partner
C01863,P2,00545,partner
C01864,P1,00966,partner
C01865,DIRECT,00082,direct
C01866,P1,00967,partner
C01867,P1,00968,partner
C01868,P1,00969,partner
C01869,P1,00970,partner
C01870,P1,00971,partner
C01871,P1,00972,partner
C01872,DIRECT,00083,direct
C01873,P1,00973,partner
C01874,P1,00974,partner
C01875,P2,00546,partner
C01876,P2,00547,partner
C01877,P1,00975,partner
C01878,P3,00273,partner
C01879,P1,00976,partner
C01880,P1,00977,partner
C01881,P1,00978,partner
C01882,P1,00979,partner
C01883,DIRECT,00084,direct
C01884,P2,00548,partner
C01885,P1,00980,partner
C01886,P1,00981,partner
C01887,P1,00982,partner
C01888,P1,00983,partner
C01889,P1,00984,partner
C01890,P1,00985,partner
C01891,P1,00986,partner
C01892,P1,00987,partner
C01893,P3,00274,partner
C01894,DIRECT,00085,direct
C01895,P2,00549,partner
C01896,P1,00988,partner
C01897,P3,00275,partner
C01898,P1,00989,partner
C01899,DIRECT,00086,direct
C01900,P3,00276,partner
C01901,P2,00550,partner
C01902,P1,00990,partner
C01903,P1,00991,partner
C01904,P1,00992,partner
C01905,P2,00551,partner
C01906,P1,00993,partner
C01907,P2,00552,partner
C01908,P1,00994,partner
C01909,P1,00995,partner
C01910,P1,00996,partner
C01911,P2,00553,partner
C01912,P3,00277,partner
C01913,P1,00997,partner
C01914,P3,00278,partner
C01915,DIRECT,00087,direct
C01916,P1,00998,partner
C01917,P2,00554,partner
C01918,P1,00999,partner
C01919,P3,00279,partner
C01920,P1,01000,partner
C01921,P1,01001,partner
C01922,P1,01002,partner
C01923,P3,00280,partner
C01924,P1,01003,partner
C01925,P1,01004,partner
C01926,P2,00555,partner
C01927,P1,01005,partner
C01928,P1,01006,partner
C01929,P1,01007,partner
C01930,P1,01008,partner
C01931,P1,01009,partner
C01932,P1,01010,partner
C01933,P2,00556,partner
C01934,P2,00557,partner
C01935,P3,00281,partner
C01936,P3,00282,partner
C01937,P1,01011,partner
C01938,P1,01012,partner
C01939,P2,00558,partner
C01940,P1,01013,partner
C01941,P1,01014,partner
C01942,P3,00283,partner
C01943,DIRECT,00088,direct
C01944,P2,00559,partner
C01945,P3,00284,partner
C01946,P2,00560,partner
C01947,P1,01015,partner
C01948,P2,00561,partner
C01949,P1,01016,partner
C01950,P2,00562,partner
C01951,P3,00285,partner
C01952,DIRECT,00089,direct
C01953,P1,01017,partner
C01954,DIRECT,00090,direct
C01955,P3,00286,partner
C01956,P1,01018,partner
C01957,P1,01019,partner
C01958,P1,01020,partner
C01959,P3,00287,partner
C01960,P1,01021,partner
C01961,P3,00288,partner
C01962,P3,00289,partner
C01963,P3,00290,partner
C01964,P1,01022,partner
C01965,P1,01023,partner
C01966,P1,01024,partner
C01967,P1,01025,partner
C01968,P2,00563,partner
C01969,P2,00564,partner
C01970,P2,00565,partner
C01971,P1,01026,partner
C01972,P1,01027,partner
C01973,P2,00566,partner
C01974,DIRECT,00091,direct
C01975,P1,01028,partner
C01976,P2,00567,partner
C01977,P1,01029,partner
C01978,P1,01030,partner
C01979,P1,01031,partner
C01980,P1,01032,partner
C01981,P1,01033,partner
C01982,P1,01034,partner
C01983,P2,00568,partner
C01984,P2,00569,partner
C01985,P1,01035,partner
C01986,P1,01036,partner
C01987,P1,01037,partner
C01988,P3,00291,partner
C01989,P2,00570,partner
C01990,P2,00571,partner
C01991,P2,00572,partner
C01992,P1,01038,partner
C01993,P2,00573,partner
C01994,P2,00574,partner
C01995,P1,01039,partner
C01996,P3,00292,partner
C01997,DIRECT,00092,direct
C01998,P1,01040,partner
C01999,P1,01041,partner
C02000,P3,00293,partner
C02001,P2,00575,partner
C02002,P1,01042,partner
C02003,DIRECT,00093,direct
C02004,P2,00576,partner
C02005,P3,00294,partner
C02006,P1,01043,partner
C02007,P1,01044,partner
C02008,P2,00577,partner
C02009,P3,00295,partner
C02010,P1,01045,partner
C02011,P2,00578,partner
C02012,P3,00296,partner
C02013,P3,00297,partner
C02014,P1,01046,partner
C02015,P1,01047,partner
C02016,P2,00579,partner
C02017,P1,01048,partner
C02018,P1,01049,partner
C02019,DIRECT,00094,direct
C02020,P1,01050,partner
C02021,P2,00580,partner
C02022,DIRECT,00095,direct
C02023,P1,01051,partner
C02024,P1,01052,partner
C02025,P2,00581,partner
C02026,P3,00298,partner
C02027,P1,01053,partner
C02028,P1,01054,partner
C02029,P1,01055,partner
C02030,P1,01056,partner
C02031,P1,01057,partner
C02032,P1,01058,partner
C02033,P2,00582,partner
C02034,P2,00583,partner
C02035,P1,01059,partner
C02036,P1,01060,partner
C02037,P2,00584,partner
C02038,P1,01061,partner
C02039,P1,01062,partner
C02040,P2,00585,partner
C02041,P1,01063,partner
C02042,P3,00299,partner
C02043,P1,01064,partner
C02044,P2,00586,partner
C02045,P2,00587,partner
C02046,P1,01065,partner
C02047,P1,01066,partner
C02048,P2,00588,partner
C02049,P2,00589,partner
C02050,P2,00590,partner
C02051,DIRECT,00096,direct
C02052,P2,00591,partner
C02053,P2,00592,partner
C02054,P1,01067,partner
C02055,P2,00593,partner
C02056,P2,00594,partner
C02057,P1,01068,partner
C02058,P1,01069,partner
C02059,P1,01070,partner
C02060,P3,00300,partner
C02061,P1,01071,partner
C02062,P1,01072,partner
C02063,P1,01073,partner
C02064,P1,01074,partner
C02065,P1,01075,partner
C02066,P1,01076,partner
C02067,P1,01077,partner
C02068,P3,00301,partner
C02069,P1,01078,partner
C02070,P1,01079,partner
C02071,P1,01080,partner
C02072,P1,01081,partner
C02073,P2,00595,partner
C02074,P1,01082,partner
C02075,P1,01083,partner
C02076,P1,01084,partner
C02077,P2,00596,partner
C02078,P2,00597,partner
C02079,P2,00598,partner
C02080,P2,00599,partner
C02081,P3,00302,partner
C02082,P2,00600,partner
C02083,P2,00601,partner
C02084,P1,01085,partner
C02085,P1,01086,partner
C02086,P3,00303,partner
C02087,P3,00304,partner
C02088,P3,00305,partner
C02089,P2,00602,partner
C02090,P1,01087,partner
C02091,DIRECT,00097,direct
C02092,P2,00603,partner
C02093,P1,01088,partner
C02094,P2,00604,partner
C02095,P2,00605,partner
C02096,P2,00606,partner
C02097,P2,00607,partner
C02098,P3,00306,partner
C02099,P3,00307,partner
C02100,P1,01089,partner
C02101,P2,00608,partner
C02102,P3,00308,partner
C02103,P2,00609,partner
C02104,P3,00309,partner
C02105,P2,00610,partner
C02106,P3,00310,partner
C02107,P1,01090,partner
C02108,P1,01091,partner
C02109,P3,00311,partner
C02110,P2,00611,partner
C02111,P1,01092,partner
C02112,P1,01093,partner
C02113,P2,00612,partner
C02114,P3,00312,partner
C02115,P1,01094,partner
C02116,P2,00613,partner
C02117,P2,00614,partner
C02118,P1,01095,partner
C02119,P1,01096,partner
C02120,P3,00313,partner
C02121,P3,00314,partner
C02122,P2,00615,partner
C02123,P3,00315,partner
C02124,P2,00616,partner
C02125,P3,00316,partner
C02126,P2,00617,partner
C02127,P3,00317,partner
C02128,P1,01097,partner
C02129,P3,00318,partner
C02130,P3,00319,partner
C02131,P1,01098,partner
C02132,P1,01099,partner
C02133,P3,00320,partner
C02134,P1,01100,partner
C02135,P1,01101,partner
C02136,P3,00321,partner
C02137,P2,00618,partner
C02138,P1,01102,partner
C02139,P1,01103,partner
C02140,P1,01104,partner
C02141,DIRECT,00098,direct
C02142,P1,01105,partner
C02143,P1,01106,partner
C02144,P1,01107,partner
C02145,P2,00619,partner
C02146,P1,01108,partner
C02147,P1,01109,partner
C02148,P1,01110,partner
C02149,P1,01111,partner
C02150,P2,00620,partner
C02151,P1,01112,partner
C02152,P1,01113,partner
C02153,P1,01114,partner
C02154,DIRECT,00099,direct
C02155,P3,00322,partner
C02156,P2,00621,partner
C02157,P1,01115,partner
C02158,P1,01116,partner
C02159,P1,01117,partner
C02160,DIRECT,00100,direct
C02161,P2,00622,partner
C02162,P1,01118,partner
C02163,P1,01119,partner
C02164,P1,01120,partner
C02165,P1,01121,partner
C02166,P3,00323,partner
C02167,P1,01122,partner
C02168,P2,00623,partner
C02169,P1,01123,partner
C02170,P2,00624,partner
C02171,P1,01124,partner
C02172,P1,01125,partner
C02173,P1,01126,partner
C02174,P3,00324,partner
C02175,P1,01127,partner
C02176,P1,01128,partner
C02177,P1,01129,partner
C02178,P1,01130,partner
C02179,P1,01131,partner
C02180,P1,01132,partner
C02181,P3,00325,partner
C02182,P1,01133,partner
C02183,DIRECT,00101,direct
C02184,DIRECT,00102,direct
C02185,P1,01134,partner
C02186,P3,00326,partner
C02187,P1,01135,partner
C02188,P1,01136,partner
C02189,P1,01137,partner
C02190,P2,00625,partner
C02191,P1,01138,partner
C02192,DIRECT,00103,direct
C02193,P2,00626,partner
C02194,P3,00327,partner
C02195,P3,00328,partner
C02196,P2,00627,partner
C02197,P1,01139,partner
C02198,P1,01140,partner
C02199,P1,01141,partner
C02200,P2,00628,partner
C02201,P1,01142,partner
C02202,P1,01143,partner
C02203,P1,01144,partner
C02204,P1,01145,partner
C02205,P3,00329,partner
C02206,P1,01146,partner
C02207,P1,01147,partner
C02208,P3,00330,partner
C02209,P1,01148,partner
C02210,DIRECT,00104,direct
C02211,P1,01149,partner
C02212,DIRECT,00105,direct
C02213,P1,01150,partner
C02214,P1,01151,partner
C02215,P1,01152,partner
C02216,P1,01153,partner
C02217,P2,00629,partner
C02218,P2,00630,partner
C02219,P1,01154,partner
C02220,P1,01155,partner
C02221,P1,01156,partner
C02222,DIRECT,00106,direct
C02223,P1,01157,partner
C02224,P1,01158,partner
C02225,P2,00631,partner
C02226,P2,00632,partner
C02227,P1,01159,partner
C02228,P3,00331,partner
C02229,P1,01160,partner
C02230,P1,01161,partner
C02231,P1,01162,partner
C02232,P1,01163,partner
C02233,DIRECT,00107,direct
C02234,P1,01164,partner
C02235,P1,01165,partner
C02236,P1,01166,partner
C02237,P2,00633,partner
C02238,P2,00634,partner
C02239,P1,01167,partner
C02240,P3,00332,partner
C02241,P1,01168,partner
C02242,P2,00635,partner
C02243,P1,01169,partner
C02244,P2,00636,partner
C02245,P3,00333,partner
C02246,P1,01170,partner
C02247,P2,00637,partner
C02248,P1,01171,partner
C02249,P1,01172,partner
C02250,P1,01173,partner
C02251,P1,01174,partner
C02252,P3,00334,partner
C02253,P3,00335,partner
C02254,P3,00336,partner
C02255,P3,00337,partner
C02256,P2,00638,partner
C02257,P1,01175,partner
C02258,P2,00639,partner
C02259,P2,00640,partner
C02260,DIRECT,00108,direct
C02261,P1,01176,partner
C02262,P3,00338,partner
C02263,P1,01177,partner
C02264,P2,00641,partner
C02265,P1,01178,partner
C02266,P3,00339,partner
C02267,P1,01179,partner
C02268,P3,00340,partner
C02269,P1,01180,partner
C02270,P3,00341,partner
C02271,P1,01181,partner
C02272,P3,00342,partner
C02273,P1,01182,partner
C02274,P2,00642,partner
C02275,P3,00343,partner
C02276,P1,01183,partner
C02277,P2,00643,partner
C02278,P3,00344,partner
C02279,P2,00644,partner
C02280,P2,00645,partner
C02281,P2,00646,partner
C02282,P2,00647,partner
C02283,DIRECT,00109,direct
C02284,P1,01184,partner
C02285,DIRECT,00110,direct
C02286,P3,00345,partner
C02287,P1,01185,partner
C02288,DIRECT,00111,direct
C02289,P2,00648,partner
C02290,P2,00649,partner
C02291,P1,01186,partner
C02292,P1,01187,partner
C02293,P2,00650,partner
C02294,P3,00346,partner
C02295,P2,00651,partner
C02296,P2,00652,partner
C02297,P3,00347,partner
C02298,P1,01188,partner
C02299,P2,00653,partner
C02300,P1,01189,partner
C02301,P1,01190,partner
C02302,P2,00654,partner
C02303,P3,00348,partner
C02304,P2,00655,partner
C02305,P2,00656,partner
C02306,P1,01191,partner
C02307,P1,01192,partner
C02308,P2,00657,partner
C02309,P1,01193,partner
C02310,P1,01194,partner
C02311,P1,01195,partner
C02312,P2,00658,partner
C02313,P1,01196,partner
C02314,P3,00349,partner
C02315,P1,01197,partner
C02316,P3,00350,partner
C02317,P1,01198,partner
C02318,P1,01199,partner
C02319,P1,01200,partner
C02320,P1,01201,partner
C02321,P1,01202,partner
C02322,P3,00351,partner
C02323,P3,00352,partner
C02324,P3,00353,partner
C02325,P1,01203,partner
C02326,P1,01204,partner
C02327,P2,00659,partner
C02328,P1,01205,partner
C02329,P1,01206,partner
C02330,P1,01207,partner
C02331,P3,00354,partner
C02332,P2,00660,partner
C02333,P2,00661,partner
C02334,P1,01208,partner
C02335,P2,00662,partner
C02336,P2,00663,partner
C02337,P3,00355,partner
C02338,P1,01209,partner
C02339,P1,01210,partner
C02340,P3,00356,partner
C02341,DIRECT,00112,direct
C02342,P1,01211,partner
C02343,P2,00664,partner
C02344,P3,00357,partner
C02345,P1,01212,partner
C02346,DIRECT,00113,direct
C02347,P3,00358,partner
C02348,DIRECT,00114,direct
C02349,P3,00359,partner
C02350,P1,01213,partner
C02351,P1,01214,partner
C02352,DIRECT,00115,direct
C02353,P2,00665,partner
C02354,P2,00666,partner
C02355,P1,01215,partner
C02356,P1,01216,partner
C02357,P1,01217,partner
C02358,P1,01218,partner
C02359,P2,00667,partner
C02360,DIRECT,00116,direct
C02361,P1,01219,partner
C02362,P1,01220,partner
C02363,P2,00668,partner
C02364,P3,00360,partner
C02365,P1,01221,partner
C02366,P1,01222,partner
C02367,P1,01223,partner
C02368,P1,01224,partner
C02369,P2,00669,partner
C02370,P2,00670,partner
C02371,P1,01225,partner
C02372,P3,00361,partner
C02373,P2,00671,partner
C02374,P2,00672,partner
C02375,P1,01226,partner
C02376,P1,01227,partner
C02377,P1,01228,partner
C02378,P1,01229,partner
C02379,P2,00673,partner
C02380,P1,01230,partner
C02381,P2,00674,partner
C02382,P1,01231,partner
C02383,P2,00675,partner
C02384,P1,01232,partner
C02385,P1,01233,partner
C02386,P1,01234,partner
C02387,P2,00676,partner
C02388,P1,01235,partner
C02389,P2,00677,partner
C02390,P1,01236,partner
C02391,DIRECT,00117,direct
C02392,P1,01237,partner
C02393,P3,00362,partner
C02394,P1,01238,partner
C02395,P1,01239,partner
C02396,P1,01240,partner
C02397,P2,00678,partner
C02398,P1,01241,partner
C02399,P1,01242,partner
C02400,P1,01243,partner
C02401,P1,01244,partner
C02402,P2,00679,partner
C02403,P3,00363,partner
C02404,P3,00364,partner
C02405,P3,00365,partner
C02406,P1,01245,partner
C02407,P1,01246,partner
C02408,P2,00680,partner
C02409,P1,01247,partner
C02410,P1,01248,partner
C02411,P1,01249,partner
C02412,P2,00681,partner
C02413,P1,01250,partner
C02414,DIRECT,00118,direct
C02415,P3,00366,partner
C02416,P2,00682,partner
C02417,P1,01251,partner
C02418,P1,01252,partner
C02419,P2,00683,partner
C02420,P3,00367,partner
C02421,P2,00684,partner
C02422,P3,00368,partner
C02423,P1,01253,partner
C02424,P1,01254,partner
C02425,P2,00685,partner
C02426,P1,01255,partner
C02427,P3,00369,partner
C02428,P2,00686,partner
C02429,DIRECT,00119,direct
C02430,P1,01256,partner
C02431,P1,01257,partner
C02432,P1,01258,partner
C02433,P1,01259,partner
C02434,P2,00687,partner
C02435,P3,00370,partner
C02436,P3,00371,partner
C02437,P3,00372,partner
C02438,P2,00688,partner
C02439,P1,01260,partner
C02440,P1,01261,partner
C02441,P1,01262,partner
C02442,P1,01263,partner
C02443,P1,01264,partner
C02444,P1,01265,partner
C02445,P1,01266,partner
C02446,P2,00689,partner
C02447,P1,01267,partner
C02448,DIRECT,00120,direct
C02449,P1,01268,partner
C02450,P1,01269,partner
C02451,P1,01270,partner
C02452,P1,01271,partner
C02453,P2,00690,partner
C02454,P1,01272,partner
C02455,P1,01273,partner
C02456,P2,00691,partner
C02457,P3,00373,partner
C02458,P2,00692,partner
C02459,P1,01274,partner
C02460,P2,00693,partner
C02461,P1,01275,partner
C02462,P2,00694,partner
C02463,P1,01276,partner
C02464,P1,01277,partner
C02465,P2,00695,partner
C02466,P2,00696,partner
C02467,P3,00374,partner
C02468,P1,01278,partner
C02469,P1,01279,partner
C02470,P1,01280,partner
C02471,P1,01281,partner
C02472,P2,00697,partner
C02473,P2,00698,partner
C02474,P1,01282,partner
C02475,P1,01283,partner
C02476,P2,00699,partner
C02477,P1,01284,partner
C02478,P1,01285,partner
C02479,P2,00700,partner
C02480,P1,01286,partner
C02481,P2,00701,partner
C02482,P1,01287,partner
C02483,P2,00702,partner
C02484,P1,01288,partner
C02485,P1,01289,partner
C02486,P1,01290,partner
C02487,P1,01291,partner
C02488,P1,01292,partner
C02489,P2,00703,partner
C02490,P2,00704,partner
C02491,P2,00705,partner
C02492,DIRECT,00121,direct
C02493,P2,00706,partner
C02494,P2,00707,partner
C02495,P3,00375,partner
C02496,P2,00708,partner
C02497,P2,00709,partner
C02498,P1,01293,partner
C02499,P1,01294,partner
C02500,P1,01295,partner
C02501,P1,01296,partner
C02502,DIRECT,00122,direct
C02503,P2,00710,partner
C02504,P2,00711,partner
C02505,P2,00712,partner
C02506,DIRECT,00123,direct
C02507,P2,00713,partner
C02508,P3,00376,partner
C02509,P1,01297,partner
C02510,P1,01298,partner
C02511,P2,00714,partner
C02512,P2,00715,partner
C02513,P1,01299,partner
C02514,P1,01300,partner
C02515,P2,00716,partner
C02516,P1,01301,partner
C02517,P1,01302,partner
C02518,P1,01303,partner
C02519,P2,00717,partner
C02520,P1,01304,partner
C02521,P1,01305,partner
C02522,P1,01306,partner
C02523,P3,00377,partner
C02524,P1,01307,partner
C02525,P2,00718,partner
C02526,P3,00378,partner
C02527,P3,00379,partner
C02528,P1,01308,partner
C02529,P1,01309,partner
C02530,P3,00380,partner
C02531,P1,01310,partner
C02532,P1,01311,partner
C02533,P1,01312,partner
C02534,P1,01313,partner
C02535,P1,01314,partner
C02536,P1,01315,partner
C02537,P2,00719,partner
C02538,P1,01316,partner
C02539,P1,01317,partner
C02540,P3,00381,partner
C02541,P2,00720,partner
C02542,P2,00721,partner
C02543,P1,01318,partner
C02544,P1,01319,partner
C02545,P3,00382,partner
C02546,P1,01320,partner
C02547,DIRECT,00124,direct
C02548,P2,00722,partner
C02549,P3,00383,partner
C02550,P1,01321,partner
C02551,P1,01322,partner
C02552,P2,00723,partner
C02553,P1,01323,partner
C02554,P1,01324,partner
C02555,DIRECT,00125,direct
C02556,P1,01325,partner
C02557,P3,00384,partner
C02558,P3,00385,partner
C02559,P1,01326,partner
C02560,P2,00724,partner
C02561,P1,01327,partner
C02562,P1,01328,partner
C02563,P1,01329,partner
C02564,P1,01330,partner
C02565,P2,00725,partner
C02566,P1,01331,partner
C02567,P1,01332,partner
C02568,P2,00726,partner
C02569,P2,00727,partner
C02570,P2,00728,partner
C02571,P1,01333,partner
C02572,P2,00729,partner
C02573,P2,00730,partner
C02574,P1,01334,partner
C02575,P1,01335,partner
C02576,P1,01336,partner
C02577,P3,00386,partner
C02578,P1,01337,partner
C02579,P1,01338,partner
C02580,DIRECT,00126,direct
C02581,P1,01339,partner
C02582,P3,00387,partner
C02583,P3,00388,partner
C02584,P1,01340,partner
C02585,DIRECT,00127,direct
C02586,P1,01341,partner
C02587,P1,01342,partner
C02588,P1,01343,partner
C02589,DIRECT,00128,direct
C02590,P3,00389,partner
C02591,P1,01344,partner
C02592,DIRECT,00129,direct
C02593,P2,00731,partner
C02594,P2,00732,partner
C02595,P3,00390,partner
C02596,P1,01345,partner
C02597,P1,01346,partner
C02598,P2,00733,partner
C02599,P1,01347,partner
C02600,P2,00734,partner
C02601,P3,00391,partner
C02602,P2,00735,partner
C02603,P1,01348,partner
C02604,P3,00392,partner
C02605,P1,01349,partner
C02606,P2,00736,partner
C02607,P1,01350,partner
C02608,P1,01351,partner
C02609,P1,01352,partner
C02610,P2,00737,partner
C02611,P1,01353,partner
C02612,P2,00738,partner
C02613,P1,01354,partner
C02614,P1,01355,partner
C02615,P1,01356,partner
C02616,P2,00739,partner
C02617,P3,00393,partner
C02618,P1,01357,partner
C02619,P1,01358,partner
C02620,P3,00394,partner
C02621,P2,00740,partner
C02622,P2,00741,partner
C02623,P3,00395,partner
C02624,P1,01359,partner
C02625,DIRECT,00130,direct
C02626,P1,01360,partner
C02627,P1,01361,partner
C02628,P1,01362,partner
C02629,P1,01363,partner
C02630,P1,01364,partner
C02631,P1,01365,partner
C02632,P1,01366,partner
C02633,P1,01367,partner
C02634,P1,01368,partner
C02635,P1,01369,partner
C02636,P1,01370,partner
C02637,P1,01371,partner
C02638,P1,01372,partner
C02639,P2,00742,partner
C02640,P2,00743,partner
C02641,P2,00744,partner
C02642,P1,01373,partner
C02643,P1,01374,partner
C02644,P2,00745,partner
C02645,P1,01375,partner
C02646,P2,00746,partner
C02647,DIRECT,00131,direct
C02648,P1,01376,partner
C02649,P1,01377,partner
C02650,P2,00747,partner
C02651,P1,01378,partner
C02652,P1,01379,partner
C02653,P1,01380,partner
C02654,DIRECT,00132,direct
C02655,P1,01381,partner
C02656,P2,00748,partner
C02657,P2,00749,partner
C02658,DIRECT,00133,direct
C02659,P1,01382,partner
C02660,P1,01383,partner
C02661,P1,01384,partner
C02662,P3,00396,partner
C02663,P1,01385,partner
C02664,P1,01386,partner
C02665,P1,01387,partner
C02666,P1,01388,partner
C02667,P1,01389,partner
C02668,P2,00750,partner
C02669,P2,00751,partner
C02670,DIRECT,00134,direct
C02671,DIRECT,00135,direct
C02672,P2,00752,partner
C02673,P1,01390,partner
C02674,P3,00397,partner
C02675,P1,01391,partner
C02676,P1,01392,partner
C02677,P3,00398,partner
C02678,P2,00753,partner
C02679,P1,01393,partner
C02680,P3,00399,partner
C02681,P1,01394,partner
C02682,P3,00400,partner
C02683,P1,01395,partner
C02684,P2,00754,partner
C02685,P1,01396,partner
C02686,P1,01397,partner
C02687,P3,00401,partner
C02688,P2,00755,partner
C02689,P1,01398,partner
C02690,P1,01399,partner
C02691,P1,01400,partner
C02692,P3,00402,partner
C02693,P1,01401,partner
C02694,P2,00756,partner
C02695,P1,01402,partner
C02696,P1,01403,partner
C02697,P3,00403,partner
C02698,P1,01404,partner
C02699,P3,00404,partner
C02700,P1,01405,partner
C02701,DIRECT,00136,direct
C02702,P2,00757,partner
C02703,P1,01406,partner
C02704,P1,01407,partner
C02705,P1,01408,partner
C02706,P1,01409,partner
C02707,P1,01410,partner
C02708,P2,00758,partner
C02709,P3,00405,partner
C02710,P1,01411,partner
C02711,P1,01412,partner
C02712,P1,01413,partner
C02713,P2,00759,partner
C02714,P1,01414,partner
C02715,P1,01415,partner
C02716,P1,01416,partner
C02717,P2,00760,partner
C02718,P1,01417,partner
C02719,P1,01418,partner
C02720,P3,00406,partner
C02721,P1,01419,partner
C02722,P2,00761,partner
C02723,P2,00762,partner
C02724,P3,00407,partner
C02725,P3,00408,partner
C02726,P2,00763,partner
C02727,P1,01420,partner
C02728,P1,01421,partner
C02729,P1,01422,partner
C02730,P1,01423,partner
C02731,P3,00409,partner
C02732,P1,01424,partner
C02733,P1,01425,partner
C02734,P1,01426,partner
C02735,P2,00764,partner
C02736,P1,01427,partner
C02737,P1,01428,partner
C02738,P2,00765,partner
C02739,P3,00410,partner
C02740,P1,01429,partner
C02741,P2,00766,partner
C02742,P1,01430,partner
C02743,P1,01431,partner
C02744,P1,01432,partner
C02745,P1,01433,partner
C02746,DIRECT,00137,direct
C02747,P2,00767,partner
C02748,P3,00411,partner
C02749,P1,01434,partner
C02750,P1,01435,partner
C02751,DIRECT,00138,direct
C02752,P1,01436,partner
C02753,P1,01437,partner
C02754,P2,00768,partner
C02755,P1,01438,partner
C02756,P2,00769,partner
C02757,P2,00770,partner
C02758,P1,01439,partner
C02759,P2,00771,partner
C02760,P3,00412,partner
C02761,P1,01440,partner
C02762,P1,01441,partner
C02763,P2,00772,partner
C02764,P2,00773,partner
C02765,P2,00774,partner
C02766,P2,00775,partner
C02767,P1,01442,partner
C02768,P2,00776,partner
C02769,P2,00777,partner
C02770,P1,01443,partner
C02771,P1,01444,partner
C02772,P2,00778,partner
C02773,P2,00779,partner
C02774,P3,00413,partner
C02775,P1,01445,partner
C02776,P1,01446,partner
C02777,P2,00780,partner
C02778,P1,01447,partner
C02779,P2,00781,partner
C02780,P2,00782,partner
C02781,P1,01448,partner
C02782,P1,01449,partner
C02783,DIRECT,00139,direct
C02784,P1,01450,partner
C02785,P2,00783,partner
C02786,DIRECT,00140,direct
C02787,P1,01451,partner
C02788,P1,01452,partner
C02789,P3,00414,partner
C02790,P1,01453,partner
C02791,P1,01454,partner
C02792,P2,00784,partner
C02793,P2,00785,partner
C02794,P1,01455,partner
C02795,P2,00786,partner
C02796,P2,00787,partner
C02797,P3,00415,partner
C02798,DIRECT,00141,direct
C02799,P3,00416,partner
C02800,P1,01456,partner
C02801,P1,01457,partner
C02802,P3,00417,partner
C02803,P1,01458,partner
C02804,DIRECT,00142,direct
C02805,P1,01459,partner
C02806,P1,01460,partner
C02807,P1,01461,partner
C02808,P1,01462,partner
C02809,P2,00788,partner
C02810,P1,01463,partner
C02811,P1,01464,partner
C02812,P1,01465,partner
C02813,P1,01466,partner
C02814,P1,01467,partner
C02815,P1,01468,partner
C02816,P1,01469,partner
C02817,P1,01470,partner
C02818,P2,00789,partner
C02819,P1,01471,partner
C02820,P1,01472,partner
C02821,P2,00790,partner
C02822,P1,01473,partner
C02823,P1,01474,partner
C02824,P1,01475,partner
C02825,P3,00418,partner
C02826,P2,00791,partner
C02827,P1,01476,partner
C02828,P1,01477,partner
C02829,P2,00792,partner
C02830,P1,01478,partner
C02831,P1,01479,partner
C02832,P1,01480,partner
C02833,P2,00793,partner
C02834,P1,01481,partner
C02835,P1,01482,partner
C02836,P2,00794,partner
C02837,DIRECT,00143,direct
C02838,P2,00795,partner
C02839,P3,00419,partner
C02840,P1,01483,partner
C02841,P1,01484,partner
C02842,P2,00796,partner
C02843,P2,00797,partner
C02844,P1,01485,partner
C02845,P1,01486,partner
C02846,P2,00798,partner
C02847,P1,01487,partner
C02848,P1,01488,partner
C02849,P1,01489,partner
C02850,P3,00420,partner
C02851,P3,00421,partner
C02852,DIRECT,00144,direct
C02853,P1,01490,partner
C02854,P1,01491,partner
C02855,P2,00799,partner
C02856,P3,00422,partner
C02857,P1,01492,partner
C02858,P1,01493,partner
C02859,P2,00800,partner
C02860,P1,01494,partner
C02861,DIRECT,00145,direct
C02862,P2,00801,partner
C02863,P2,00802,partner
C02864,P1,01495,partner
C02865,P1,01496,partner
C02866,P1,01497,partner
C02867,P2,00803,partner
C02868,P1,01498,partner
C02869,P1,01499,partner
C02870,P1,01500,partner
C02871,P2,00804,partner
C02872,P1,01501,partner
C02873,P1,01502,partner
C02874,P1,01503,partner
C02875,P1,01504,partner
C02876,P1,01505,partner
C02877,P2,00805,partner
C02878,P1,01506,partner
C02879,P1,01507,partner
C02880,P1,01508,partner
C02881,P1,01509,partner
C02882,P2,00806,partner
C02883,P1,01510,partner
C02884,P1,01511,partner
C02885,P1,01512,partner
C02886,P1,01513,partner
C02887,P2,00807,partner
C02888,P1,01514,partner
C02889,P1,01515,partner
C02890,P1,01516,partner
C02891,P1,01517,partner
C02892,P2,00808,partner
C02893,P3,00423,partner
C02894,P1,01518,partner
C02895,P2,00809,partner
C02896,P1,01519,partner
C02897,P1,01520,partner
C02898,P3,00424,partner
C02899,P1,01521,partner
C02900,P2,00810,partner
C02901,P1,01522,partner
C02902,P1,01523,partner
C02903,P1,01524,partner
C02904,P2,00811,partner
C02905,P1,01525,partner
C02906,P1,01526,partner
C02907,P2,00812,partner
C02908,P1,01527,partner
C02909,P1,01528,partner
C02910,P2,00813,partner
C02911,P1,01529,partner
C02912,P1,01530,partner
C02913,P1,01531,partner
C02914,P1,01532,partner
C02915,P1,01533,partner
C02916,P1,01534,partner
C02917,P3,00425,partner
C02918,P2,00814,partner
C02919,P2,00815,partner
C02920,DIRECT,00146,direct
C02921,P1,01535,partner
C02922,P3,00426,partner
C02923,P1,01536,partner
C02924,P2,00816,partner
C02925,P2,00817,partner
C02926,P1,01537,partner
C02927,P2,00818,partner
C02928,P1,01538,partner
C02929,P1,01539,partner
C02930,P3,00427,partner
C02931,P2,00819,partner
C02932,P1,01540,partner
C02933,P2,00820,partner
C02934,P1,01541,partner
C02935,P3,00428,partner
C02936,P1,01542,partner
C02937,DIRECT,00147,direct
C02938,P1,01543,partner
C02939,P1,01544,partner
C02940,P3,00429,partner
C02941,DIRECT,00148,direct
C02942,P2,00821,partner
C02943,P1,01545,partner
C02944,P2,00822,partner
C02945,P2,00823,partner
C02946,P1,01546,partner
C02947,P3,00430,partner
C02948,P1,01547,partner
C02949,P1,01548,partner
C02950,P1,01549,partner
C02951,P2,00824,partner
C02952,P2,00825,partner
C02953,P1,01550,partner
C02954,P1,01551,partner
C02955,P2,00826,partner
C02956,P3,00431,partner
C02957,DIRECT,00149,direct
C02958,P2,00827,partner
C02959,P3,00432,partner
C02960,P3,00433,partner
C02961,P2,00828,partner
C02962,P1,01552,partner
C02963,DIRECT,00150,direct
C02964,P1,01553,partner
C02965,P1,01554,partner
C02966,P2,00829,partner
C02967,P1,01555,partner
C02968,P1,01556,partner
C02969,P1,01557,partner
C02970,P1,01558,partner
C02971,P2,00830,partner
C02972,DIRECT,00151,direct
C02973,P3,00434,partner
C02974,P2,00831,partner
C02975,P1,01559,partner
C02976,P2,00832,partner
C02977,P1,01560,partner
C02978,P2,00833,partner
C02979,P1,01561,partner
C02980,P1,01562,partner
C02981,P1,01563,partner
C02982,P3,00435,partner
C02983,P1,01564,partner
C02984,P1,01565,partner
C02985,P1,01566,partner
C02986,P3,00436,partner
C02987,P1,01567,partner
C02988,P3,00437,partner
C02989,P1,01568,partner
C02990,P1,01569,partner
C02991,P1,01570,partner
C02992,P1,01571,partner
C02993,P1,01572,partner
C02994,P3,00438,partner
C02995,P1,01573,partner
C02996,P2,00834,partner
C02997,P2,00835,partner
C02998,P1,01574,partner
C02999,P2,00836,partner
C03000,P1,01575,partner
C03001,P2,00837,partner
C03002,P2,00838,partner
C03003,P2,00839,partner
C03004,P1,01576,partner
C03005,P1,01577,partner
C03006,P3,00439,partner
C03007,DIRECT,00152,direct
C03008,P2,00840,partner
C03009,P2,00841,partner
C03010,P1,01578,partner
C03011,P3,00440,partner
C03012,P2,00842,partner
C03013,P1,01579,partner
C03014,P1,01580,partner
C03015,P1,01581,partner
C03016,P1,01582,partner
C03017,P2,00843,partner
C03018,P2,00844,partner
C03019,P1,01583,partner
C03020,P1,01584,partner
C03021,DIRECT,00153,direct
C03022,P2,00845,partner
C03023,P2,00846,partner
C03024,DIRECT,00154,direct
C03025,P1,01585,partner
C03026,P1,01586,partner
C03027,P2,00847,partner
C03028,P1,01587,partner
C03029,P1,01588,partner
C03030,P1,01589,partner
C03031,P2,00848,partner
C03032,P2,00849,partner
C03033,P2,00850,partner
C03034,P1,01590,partner
C03035,P1,01591,partner
C03036,P3,00441,partner
C03037,DIRECT,00155,direct
C03038,P1,01592,partner
C03039,P1,01593,partner
C03040,P2,00851,partner
C03041,P1,01594,partner
C03042,P2,00852,partner
C03043,P1,01595,partner
C03044,P1,01596,partner
C03045,P1,01597,partner
C03046,P1,01598,partner
C03047,P1,01599,partner
C03048,P3,00442,partner
C03049,P2,00853,partner
C03050,P2,00854,partner
C03051,P1,01600,partner
C03052,P2,00855,partner
C03053,P1,01601,partner
C03054,P2,00856,partner
C03055,P1,01602,partner
C03056,P1,01603,partner
C03057,P3,00443,partner
C03058,P2,00857,partner
C03059,P1,01604,partner
C03060,P2,00858,partner
C03061,P1,01605,partner
C03062,P1,01606,partner
C03063,P3,00444,partner
C03064,P1,01607,partner
C03065,DIRECT,00156,direct
C03066,P1,01608,partner
C03067,P1,01609,partner
C03068,P1,01610,partner
C03069,P2,00859,partner
C03070,P1,01611,partner
C03071,P1,01612,partner
C03072,P1,01613,partner
C03073,P2,00860,partner
C03074,P1,01614,partner
C03075,P2,00861,partner
C03076,P1,01615,partner
C03077,P1,01616,partner
C03078,P1,01617,partner
C03079,P2,00862,partner
C03080,P1,01618,partner
C03081,P2,00863,partner
C03082,P1,01619,partner
C03083,P2,00864,partner
C03084,P1,01620,partner
C03085,P3,00445,partner
C03086,P2,00865,partner
C03087,P1,01621,partner
C03088,P2,00866,partner
C03089,P1,01622,partner
C03090,P2,00867,partner
C03091,P1,01623,partner
C03092,P1,01624,partner
C03093,P1,01625,partner
C03094,P2,00868,partner
C03095,P2,00869,partner
C03096,P2,00870,partner
C03097,P1,01626,partner
C03098,P3,00446,partner
C03099,P2,00871,partner
C03100,P3,00447,partner
C03101,P1,01627,partner
C03102,DIRECT,00157,direct
C03103,P3,00448,partner
C03104,P3,00449,partner
C03105,P3,00450,partner
C03106,P2,00872,partner
C03107,P3,00451,partner
C03108,P1,01628,partner
C03109,P2,00873,partner
C03110,P1,01629,partner
C03111,P1,01630,partner
C03112,P1,01631,partner
C03113,P2,00874,partner
C03114,P2,00875,partner
C03115,P3,00452,partner
C03116,P1,01632,partner
C03117,P3,00453,partner
C03118,P1,01633,partner
C03119,P1,01634,partner
C03120,P1,01635,partner
C03121,P1,01636,partner
C03122,P1,01637,partner
C03123,P1,01638,partner
C03124,P1,01639,partner
C03125,P1,01640,partner
C03126,P1,01641,partner
C03127,P1,01642,partner
C03128,P1,01643,partner
C03129,P2,00876,partner
C03130,P1,01644,partner
C03131,P3,00454,partner
C03132,P2,00877,partner
C03133,P3,00455,partner
C03134,P3,00456,partner
C03135,P2,00878,partner
C03136,DIRECT,00158,direct
C03137,P1,01645,partner
C03138,P1,01646,partner
C03139,P2,00879,partner
C03140,P1,01647,partner
C03141,P2,00880,partner
C03142,P3,00457,partner
C03143,P2,00881,partner
C03144,P2,00882,partner
C03145,P1,01648,partner
C03146,DIRECT,00159,direct
C03147,P2,00883,partner
C03148,P1,01649,partner
C03149,P1,01650,partner
C03150,P2,00884,partner
C03151,P3,00458,partner
C03152,P2,00885,partner
C03153,P2,00886,partner
C03154,P2,00887,partner
C03155,DIRECT,00160,direct
C03156,P1,01651,partner
C03157,P2,00888,partner
C03158,P1,01652,partner
C03159,P1,01653,partner
C03160,P1,01654,partner
C03161,P2,00889,partner
C03162,P2,00890,partner
C03163,P1,01655,partner
C03164,P3,00459,partner
C03165,P2,00891,partner
C03166,P3,00460,partner
C03167,P3,00461,partner
C03168,P1,01656,partner
C03169,P3,00462,partner
C03170,P2,00892,partner
C03171,P1,01657,partner
C03172,P2,00893,partner
C03173,P3,00463,partner
C03174,P1,01658,partner
C03175,P3,00464,partner
C03176,P2,00894,partner
C03177,P1,01659,partner
C03178,P3,00465,partner
C03179,P2,00895,partner
C03180,P1,01660,partner
C03181,P1,01661,partner
C03182,P1,01662,partner
C03183,P1,01663,partner
C03184,DIRECT,00161,direct
C03185,P1,01664,partner
C03186,P2,00896,partner
C03187,P2,00897,partner
C03188,P1,01665,partner
C03189,DIRECT,00162,direct
C03190,P1,01666,partner
C03191,P3,00466,partner
C03192,P1,01667,partner
C03193,P1,01668,partner
C03194,P1,01669,partner
C03195,P2,00898,partner
C03196,P2,00899,partner
C03197,P1,01670,partner
C03198,P1,01671,partner
C03199,P1,01672,partner
C03200,P2,00900,partner
C03201,P1,01673,partner
C03202,P1,01674,partner
C03203,P1,01675,partner
C03204,P1,01676,partner
C03205,P1,01677,partner
C03206,P1,01678,partner
C03207,P3,00467,partner
C03208,P1,01679,partner
C03209,DIRECT,00163,direct
C03210,P1,01680,partner
C03211,P3,00468,partner
C03212,P1,01681,partner
C03213,P1,01682,partner
C03214,P1,01683,partner
C03215,P2,00901,partner
C03216,P1,01684,partner
C03217,P2,00902,partner
C03218,P2,00903,partner
C03219,P2,00904,partner
C03220,P1,01685,partner
C03221,P1,01686,partner
C03222,P2,00905,partner
C03223,DIRECT,00164,direct
C03224,P2,00906,partner
C03225,P1,01687,partner
C03226,P2,00907,partner
C03227,DIRECT,00165,direct
C03228,DIRECT,00166,direct
C03229,P3,00469,partner
C03230,P2,00908,partner
C03231,P3,00470,partner
C03232,P2,00909,partner
C03233,DIRECT,00167,direct
C03234,P1,01688,partner
C03235,P2,00910,partner
C03236,P1,01689,partner
C03237,P1,01690,partner
C03238,P1,01691,partner
C03239,P1,01692,partner
C03240,P2,00911,partner
C03241,P1,01693,partner
C03242,DIRECT,00168,direct
C03243,P1,01694,partner
C03244,P1,01695,partner
C03245,P1,01696,partner
C03246,P1,01697,partner
C03247,P1,01698,partner
C03248,P1,01699,partner
C03249,P1,01700,partner
C03250,P2,00912,partner
C03251,P1,01701,partner
C03252,P1,01702,partner
C03253,P1,01703,partner
C03254,P1,01704,partner
C03255,P2,00913,partner
C03256,DIRECT,00169,direct
C03257,P3,00471,partner
C03258,P3,00472,partner
C03259,P1,01705,partner
C03260,DIRECT,00170,direct
C03261,P1,01706,partner
C03262,P1,01707,partner
C03263,P1,01708,partner
C03264,P3,00473,partner
C03265,P2,00914,partner
C03266,P2,00915,partner
C03267,P1,01709,partner
C03268,P1,01710,partner
C03269,P1,01711,partner
C03270,P1,01712,partner
C03271,P1,01713,partner
C03272,P1,01714,partner
C03273,P1,01715,partner
C03274,P3,00474,partner
C03275,P1,01716,partner
C03276,P1,01717,partner
C03277,DIRECT,00171,direct
C03278,P1,01718,partner
C03279,P2,00916,partner
C03280,P2,00917,partner
C03281,P3,00475,partner
C03282,P1,01719,partner
C03283,P1,01720,partner
C03284,P2,00918,partner
C03285,P1,01721,partner
C03286,P3,00476,partner
C03287,P1,01722,partner
C03288,P2,00919,partner
C03289,P1,01723,partner
C03290,P1,01724,partner
C03291,P1,01725,partner
C03292,P1,01726,partner
C03293,P2,00920,partner
C03294,DIRECT,00172,direct
C03295,P1,01727,partner
C03296,P1,01728,partner
C03297,P1,01729,partner
C03298,P1,01730,partner
C03299,P1,01731,partner
C03300,P1,01732,partner
C03301,P1,01733,partner
C03302,P1,01734,partner
C03303,P2,00921,partner
C03304,P1,01735,partner
C03305,P1,01736,partner
C03306,P3,00477,partner
C03307,P1,01737,partner
C03308,P1,01738,partner
C03309,P1,01739,partner
C03310,P2,00922,partner
C03311,P2,00923,partner
C03312,P2,00924,partner
C03313,P1,01740,partner
C03314,P3,00478,partner
C03315,P2,00925,partner
C03316,DIRECT,00173,direct
C03317,P1,01741,partner
C03318,P3,00479,partner
C03319,P1,01742,partner
C03320,P2,00926,partner
C03321,P1,01743,partner
C03322,P1,01744,partner
C03323,P1,01745,partner
C03324,P1,01746,partner
C03325,P3,00480,partner
C03326,P1,01747,partner
C03327,P2,00927,partner
C03328,P1,01748,partner
C03329,P2,00928,partner
C03330,P1,01749,partner
C03331,DIRECT,00174,direct
C03332,P1,01750,partner
C03333,P2,00929,partner
C03334,P1,01751,partner
C03335,P3,00481,partner
C03336,P3,00482,partner
C03337,P1,01752,partner
C03338,P2,00930,partner
C03339,P3,00483,partner
C03340,P1,01753,partner
C03341,P2,00931,partner
C03342,DIRECT,00175,direct
C03343,P2,00932,partner
C03344,P1,01754,partner
C03345,P1,01755,partner
C03346,P1,01756,partner
C03347,P1,01757,partner
C03348,P2,00933,partner
C03349,P2,00934,partner
C03350,P1,01758,partner
C03351,P3,00484,partner
C03352,P1,01759,partner
C03353,DIRECT,00176,direct
C03354,P1,01760,partner
C03355,P1,01761,partner
C03356,P1,01762,partner
C03357,P3,00485,partner
C03358,DIRECT,00177,direct
C03359,P2,00935,partner
C03360,P1,01763,partner
C03361,P1,01764,partner
C03362,P1,01765,partner
C03363,P1,01766,partner
C03364,P1,01767,partner
C03365,P2,00936,partner
C03366,P2,00937,partner
C03367,P1,01768,partner
C03368,P3,00486,partner
C03369,P1,01769,partner
C03370,P1,01770,partner
C03371,P1,01771,partner
C03372,P2,00938,partner
C03373,P1,01772,partner
C03374,P2,00939,partner
C03375,P2,00940,partner
C03376,DIRECT,00178,direct
C03377,P1,01773,partner
C03378,P3,00487,partner
C03379,P1,01774,partner
C03380,P1,01775,partner
C03381,P1,01776,partner
C03382,P1,01777,partner
C03383,P1,01778,partner
C03384,P2,00941,partner
C03385,P1,01779,partner
C03386,P2,00942,partner
C03387,P1,01780,partner
C03388,P1,01781,partner
C03389,P2,00943,partner
C03390,P2,00944,partner
C03391,P3,00488,partner
C03392,P2,00945,partner
C03393,P2,00946,partner
C03394,P1,01782,partner
C03395,P2,00947,partner
C03396,P2,00948,partner
C03397,P1,01783,partner
C03398,P1,01784,partner
C03399,P1,01785,partner
C03400,P1,01786,partner
C03401,DIRECT,00179,direct
C03402,P2,00949,partner
C03403,P2,00950,partner
C03404,P1,01787,partner
C03405,P3,00489,partner
C03406,P1,01788,partner
C03407,P3,00490,partner
C03408,P1,01789,partner
C03409,P2,00951,partner
C03410,P1,01790,partner
C03411,P1,01791,partner
C03412,P3,00491,partner
C03413,P1,01792,partner
C03414,P1,01793,partner
C03415,P1,01794,partner
C03416,P2,00952,partner
C03417,P1,01795,partner
C03418,DIRECT,00180,direct
C03419,P2,00953,partner
C03420,P1,01796,partner
C03421,P1,01797,partner
C03422,P1,01798,partner
C03423,DIRECT,00181,direct
C03424,P2,00954,partner
C03425,P2,00955,partner
C03426,P3,00492,partner
C03427,P2,00956,partner
C03428,P2,00957,partner
C03429,P1,01799,partner
C03430,P1,01800,partner
C03431,P1,01801,partner
C03432,P1,01802,partner
C03433,P1,01803,partner
C03434,P2,00958,partner
C03435,P1,01804,partner
C03436,P3,00493,partner
C03437,P1,01805,partner
C03438,P1,01806,partner
C03439,P1,01807,partner
C03440,P1,01808,partner
C03441,P1,01809,partner
C03442,P1,01810,partner
C03443,P2,00959,partner
C03444,DIRECT,00182,direct
C03445,P1,01811,partner
C03446,P1,01812,partner
C03447,P1,01813,partner
C03448,P1,01814,partner
C03449,P1,01815,partner
C03450,P1,01816,partner
C03451,P3,00494,partner
C03452,P1,01817,partner
C03453,P1,01818,partner
C03454,P2,00960,partner
C03455,P2,00961,partner
C03456,P2,00962,partner
C03457,P1,01819,partner
C03458,P2,00963,partner
C03459,P2,00964,partner
C03460,P2,00965,partner
C03461,P2,00966,partner
C03462,P1,01820,partner
C03463,P1,01821,partner
C03464,P1,01822,partner
C03465,P1,01823,partner
C03466,P2,00967,partner
C03467,P1,01824,partner
C03468,P1,01825,partner
C03469,P3,00495,partner
C03470,P2,00968,partner
C03471,DIRECT,00183,direct
C03472,P2,00969,partner
C03473,P2,00970,partner
C03474,P1,01826,partner
C03475,P1,01827,partner
C03476,P2,00971,partner
C03477,P1,01828,partner
C03478,P2,00972,partner
C03479,P1,01829,partner
C03480,P1,01830,partner
C03481,P3,00496,partner
C03482,P1,01831,partner
C03483,P1,01832,partner
C03484,P1,01833,partner
C03485,P1,01834,partner
C03486,P1,01835,partner
C03487,P1,01836,partner
C03488,P2,00973,partner
C03489,P2,00974,partner
C03490,P1,01837,partner
C03491,P2,00975,partner
C03492,P2,00976,partner
C03493,P3,00497,partner
C03494,P1,01838,partner
C03495,P2,00977,partner
C03496,P1,01839,partner
C03497,P2,00978,partner
C03498,P1,01840,partner
C03499,P3,00498,partner
C03500,P2,00979,partner
C03501,DIRECT,00184,direct
C03502,P2,00980,partner
C03503,P1,01841,partner
C03504,P1,01842,partner
C03505,P1,01843,partner
C03506,P1,01844,partner
C03507,P2,00981,partner
C03508,P1,01845,partner
C03509,P2,00982,partner
C03510,P1,01846,partner
C03511,P1,01847,partner
C03512,P1,01848,partner
C03513,P1,01849,partner
C03514,P3,00499,partner
C03515,P1,01850,partner
C03516,P1,01851,partner
C03517,P2,00983,partner
C03518,P2,00984,partner
C03519,P1,01852,partner
C03520,P2,00985,partner
C03521,P1,01853,partner
C03522,P2,00986,partner
C03523,P1,01854,partner
C03524,P1,01855,partner
C03525,P2,00987,partner
C03526,P3,00500,partner
C03527,P1,01856,partner
C03528,P1,01857,partner
C03529,P1,01858,partner
C03530,P2,00988,partner
C03531,P1,01859,partner
C03532,P2,00989,partner
C03533,P3,00501,partner
C03534,P1,01860,partner
C03535,P1,01861,partner
C03536,P2,00990,partner
C03537,P1,01862,partner
C03538,P1,01863,partner
C03539,P3,00502,partner
C03540,P2,00991,partner
C03541,P2,00992,partner
C03542,P3,00503,partner
C03543,P1,01864,partner
C03544,P1,01865,partner
C03545,P1,01866,partner
C03546,P1,01867,partner
C03547,P1,01868,partner
C03548,P2,00993,partner
C03549,P1,01869,partner
C03550,P2,00994,partner
C03551,P1,01870,partner
C03552,P2,00995,partner
C03553,P2,00996,partner
C03554,P2,00997,partner
C03555,P2,00998,partner
C03556,P2,00999,partner
C03557,P2,01000,partner
C03558,P1,01871,partner
C03559,P1,01872,partner
C03560,P1,01873,partner
C03561,P1,01874,partner
C03562,DIRECT,00185,direct
C03563,P1,01875,partner
C03564,P1,01876,partner
C03565,P1,01877,partner
C03566,P2,01001,partner
C03567,P2,01002,partner
C03568,P3,00504,partner
C03569,P1,01878,partner
C03570,P1,01879,partner
C03571,P1,01880,partner
C03572,P2,01003,partner
C03573,P2,01004,partner
C03574,P2,01005,partner
C03575,DIRECT,00186,direct
C03576,P2,01006,partner
C03577,P3,00505,partner
C03578,P1,01881,partner
C03579,P2,01007,partner
C03580,P1,01882,partner
C03581,P1,01883,partner
C03582,P1,01884,partner
C03583,P2,01008,partner
C03584,P2,01009,partner
C03585,P2,01010,partner
C03586,P2,01011,partner
C03587,P1,01885,partner
C03588,P2,01012,partner
C03589,P1,01886,partner
C03590,P2,01013,partner
C03591,P3,00506,partner
C03592,P3,00507,partner
C03593,P1,01887,partner
C03594,P1,01888,partner
C03595,P1,01889,partner
C03596,P1,01890,partner
C03597,P3,00508,partner
C03598,P1,01891,partner
C03599,P1,01892,partner
C03600,P1,01893,partner
C03601,P1,01894,partner
C03602,P1,01895,partner
C03603,P1,01896,partner
C03604,P1,01897,partner
C03605,P2,01014,partner
C03606,P1,01898,partner
C03607,P2,01015,partner
C03608,P2,01016,partner
C03609,P1,01899,partner
C03610,P3,00509,partner
C03611,P1,01900,partner
C03612,P1,01901,partner
C03613,P1,01902,partner
C03614,P3,00510,partner
C03615,P1,01903,partner
C03616,P1,01904,partner
C03617,P2,01017,partner
C03618,P1,01905,partner
C03619,P3,00511,partner
C03620,P1,01906,partner
C03621,P1,01907,partner
C03622,DIRECT,00187,direct
C03623,P1,01908,partner
C03624,P1,01909,partner
C03625,DIRECT,00188,direct
C03626,P3,00512,partner
C03627,P2,01018,partner
C03628,P1,01910,partner
C03629,P3,00513,partner
C03630,P1,01911,partner
C03631,P3,00514,partner
C03632,P1,01912,partner
C03633,P1,01913,partner
C03634,P2,01019,partner
C03635,P1,01914,partner
C03636,P2,01020,partner
C03637,P1,01915,partner
C03638,P1,01916,partner
C03639,P3,00515,partner
C03640,P1,01917,partner
C03641,P3,00516,partner
C03642,P1,01918,partner
C03643,P2,01021,partner
C03644,P2,01022,partner
C03645,P2,01023,partner
C03646,P1,01919,partner
C03647,P1,01920,partner
C03648,P3,00517,partner
C03649,P2,01024,partner
C03650,P1,01921,partner
C03651,P1,01922,partner
C03652,P3,00518,partner
C03653,P3,00519,partner
C03654,P1,01923,partner
C03655,P1,01924,partner
C03656,P3,00520,partner
C03657,P1,01925,partner
C03658,P1,01926,partner
C03659,P1,01927,partner
C03660,P1,01928,partner
C03661,P2,01025,partner
C03662,P2,01026,partner
C03663,P2,01027,partner
C03664,P3,00521,partner
C03665,P1,01929,partner
C03666,P3,00522,partner
C03667,P1,01930,partner
C03668,P2,01028,partner
C03669,P3,00523,partner
C03670,P1,01931,partner
C03671,P1,01932,partner
C03672,P1,01933,partner
C03673,P3,00524,partner
C03674,DIRECT,00189,direct
C03675,P3,00525,partner
C03676,P1,01934,partner
C03677,P2,01029,partner
C03678,P1,01935,partner
C03679,P2,01030,partner
C03680,P2,01031,partner
C03681,P1,01936,partner
C03682,P1,01937,partner
C03683,P2,01032,partner
C03684,DIRECT,00190,direct
C03685,P2,01033,partner
C03686,DIRECT,00191,direct
C03687,P3,00526,partner
C03688,P1,01938,partner
C03689,P1,01939,partner
C03690,P1,01940,partner
C03691,P1,01941,partner
C03692,P1,01942,partner
C03693,DIRECT,00192,direct
C03694,P2,01034,partner
C03695,DIRECT,00193,direct
C03696,DIRECT,00194,direct
C03697,P2,01035,partner
C03698,P2,01036,partner
C03699,P1,01943,partner
C03700,P1,01944,partner
C03701,P2,01037,partner
C03702,P2,01038,partner
C03703,P1,01945,partner
C03704,P1,01946,partner
C03705,P1,01947,partner
C03706,P1,01948,partner
C03707,P3,00527,partner
C03708,P2,01039,partner
C03709,P1,01949,partner
C03710,P1,01950,partner
C03711,P1,01951,partner
C03712,P3,00528,partner
C03713,P2,01040,partner
C03714,P1,01952,partner
C03715,P2,01041,partner
C03716,P3,00529,partner
C03717,P2,01042,partner
C03718,P2,01043,partner
C03719,P2,01044,partner
C03720,P1,01953,partner
C03721,P3,00530,partner
C03722,P2,01045,partner
C03723,P2,01046,partner
C03724,P2,01047,partner
C03725,P2,01048,partner
C03726,P1,01954,partner
C03727,P1,01955,partner
C03728,P3,00531,partner
C03729,P2,01049,partner
C03730,P1,01956,partner
C03731,P1,01957,partner
C03732,P1,01958,partner
C03733,P2,01050,partner
C03734,P1,01959,partner
C03735,P2,01051,partner
C03736,P3,00532,partner
C03737,P1,01960,partner
C03738,P1,01961,partner
C03739,P1,01962,partner
C03740,P2,01052,partner
C03741,P2,01053,partner
C03742,P2,01054,partner
C03743,P1,01963,partner
C03744,P2,01055,partner
C03745,P1,01964,partner
C03746,P3,00533,partner
C03747,P1,01965,partner
C03748,P1,01966,partner
C03749,P1,01967,partner
C03750,P1,01968,partner
C03751,P1,01969,partner
C03752,P3,00534,partner
C03753,P1,01970,partner
C03754,P2,01056,partner
C03755,P1,01971,partner
C03756,P2,01057,partner
C03757,P2,01058,partner
C03758,P1,01972,partner
C03759,P2,01059,partner
C03760,P2,01060,partner
C03761,P1,01973,partner
C03762,P1,01974,partner
C03763,P2,01061,partner
C03764,P1,01975,partner
C03765,P2,01062,partner
C03766,P1,01976,partner
C03767,P2,01063,partner
C03768,DIRECT,00195,direct
C03769,P1,01977,partner
C03770,P3,00535,partner
C03771,P1,01978,partner
C03772,P1,01979,partner
C03773,P3,00536,partner
C03774,P1,01980,partner
C03775,P3,00537,partner
C03776,P1,01981,partner
C03777,P3,00538,partner
C03778,P3,00539,partner
C03779,P3,00540,partner
C03780,P2,01064,partner
C03781,P1,01982,partner
C03782,P1,01983,partner
C03783,P3,00541,partner
C03784,P1,01984,partner
C03785,P1,01985,partner
C03786,P3,00542,partner
C03787,P3,00543,partner
C03788,P2,01065,partner
C03789,P1,01986,partner
C03790,P1,01987,partner
C03791,P2,01066,partner
C03792,P3,00544,partner
C03793,P1,01988,partner
C03794,P1,01989,partner
C03795,P2,01067,partner
C03796,P1,01990,partner
C03797,P1,01991,partner
C03798,P1,01992,partner
C03799,P1,01993,partner
C03800,P2,01068,partner
C03801,P2,01069,partner
C03802,P2,01070,partner
C03803,DIRECT,00196,direct
C03804,P2,01071,partner
C03805,P1,01994,partner
C03806,P1,01995,partner
C03807,P1,01996,partner
C03808,P1,01997,partner
C03809,P2,01072,partner
C03810,P1,01998,partner
C03811,P1,01999,partner
C03812,P1,02000,partner
C03813,P1,02001,partner
C03814,P1,02002,partner
C03815,P1,02003,partner
C03816,P1,02004,partner
C03817,P3,00545,partner
C03818,P3,00546,partner
C03819,P1,02005,partner
C03820,P2,01073,partner
C03821,P1,02006,partner
C03822,P1,02007,partner
C03823,P1,02008,partner
C03824,P2,01074,partner
C03825,P2,01075,partner
C03826,P3,00547,partner
C03827,P2,01076,partner
C03828,P1,02009,partner
C03829,P1,02010,partner
C03830,P2,01077,partner
C03831,P1,02011,partner
C03832,P2,01078,partner
C03833,P3,00548,partner
C03834,P1,02012,partner
C03835,P2,01079,partner
C03836,P1,02013,partner
C03837,P1,02014,partner
C03838,P2,01080,partner
C03839,P1,02015,partner
C03840,P1,02016,partner
C03841,P3,00549,partner
C03842,P3,00550,partner
C03843,P3,00551,partner
C03844,P1,02017,partner
C03845,P3,00552,partner
C03846,P2,01081,partner
C03847,P1,02018,partner
C03848,P1,02019,partner
C03849,P1,02020,partner
C03850,P2,01082,partner
C03851,P1,02021,partner
C03852,P1,02022,partner
C03853,P2,01083,partner
C03854,P2,01084,partner
C03855,P1,02023,partner
C03856,P3,00553,partner
C03857,P1,02024,partner
C03858,P3,00554,partner
C03859,P2,01085,partner
C03860,P1,02025,partner
C03861,P1,02026,partner
C03862,P2,01086,partner
C03863,DIRECT,00197,direct
C03864,P1,02027,partner
C03865,P2,01087,partner
C03866,P2,01088,partner
C03867,P2,01089,partner
C03868,P1,02028,partner
C03869,P2,01090,partner
C03870,P2,01091,partner
C03871,P2,01092,partner
C03872,P1,02029,partner
C03873,P2,01093,partner
C03874,P2,01094,partner
C03875,P1,02030,partner
C03876,P1,02031,partner
C03877,P1,02032,partner
C03878,P1,02033,partner
C03879,P2,01095,partner
C03880,P1,02034,partner
C03881,P1,02035,partner
C03882,P1,02036,partner
C03883,P1,02037,partner
C03884,P1,02038,partner
C03885,P2,01096,partner
C03886,P1,02039,partner
C03887,P1,02040,partner
C03888,P2,01097,partner
C03889,P1,02041,partner
C03890,P1,02042,partner
C03891,P1,02043,partner
C03892,P2,01098,partner
C03893,P3,00555,partner
C03894,P2,01099,partner
C03895,P2,01100,partner
C03896,P2,01101,partner
C03897,P3,00556,partner
C03898,P1,02044,partner
C03899,P3,00557,partner
C03900,P1,02045,partner
C03901,P1,02046,partner
C03902,P1,02047,partner
C03903,P2,01102,partner
C03904,P2,01103,partner
C03905,P2,01104,partner
C03906,P1,02048,partner
C03907,P3,00558,partner
C03908,P2,01105,partner
C03909,P1,02049,partner
C03910,P2,01106,partner
C03911,P3,00559,partner
C03912,P1,02050,partner
C03913,P2,01107,partner
C03914,P2,01108,partner
C03915,P1,02051,partner
C03916,P2,01109,partner
C03917,P2,01110,partner
C03918,P2,01111,partner
C03919,P2,01112,partner
C03920,P2,01113,partner
C03921,P1,02052,partner
C03922,P1,02053,partner
C03923,P3,00560,partner
C03924,P2,01114,partner
C03925,P1,02054,partner
C03926,P2,01115,partner
C03927,P1,02055,partner
C03928,P1,02056,partner
C03929,P2,01116,partner
C03930,P2,01117,partner
C03931,P1,02057,partner
C03932,P1,02058,partner
C03933,P1,02059,partner
C03934,P2,01118,partner
C03935,P2,01119,partner
C03936,P1,02060,partner
C03937,P2,01120,partner
C03938,P1,02061,partner
C03939,P2,01121,partner
C03940,P3,00561,partner
C03941,P3,00562,partner
C03942,P2,01122,partner
C03943,P1,02062,partner
C03944,P1,02063,partner
C03945,P1,02064,partner
C03946,P2,01123,partner
C03947,P3,00563,partner
C03948,P1,02065,partner
C03949,DIRECT,00198,direct
C03950,P3,00564,partner
C03951,P1,02066,partner
C03952,P1,02067,partner
C03953,P2,01124,partner
C03954,P3,00565,partner
C03955,P2,01125,partner
C03956,P2,01126,partner
C03957,P1,02068,partner
C03958,DIRECT,00199,direct
C03959,P1,02069,partner
C03960,P1,02070,partner
C03961,P1,02071,partner
C03962,P2,01127,partner
C03963,P2,01128,partner
C03964,P2,01129,partner
C03965,P2,01130,partner
C03966,P2,01131,partner
C03967,P2,01132,partner
C03968,P1,02072,partner
C03969,P1,02073,partner
C03970,DIRECT,00200,direct
C03971,P3,00566,partner
C03972,P2,01133,partner
C03973,P2,01134,partner
C03974,P2,01135,partner
C03975,P1,02074,partner
C03976,P1,02075,partner
C03977,P1,02076,partner
C03978,P1,02077,partner
C03979,P1,02078,partner
C03980,P2,01136,partner
C03981,P1,02079,partner
C03982,P2,01137,partner
C03983,P2,01138,partner
C03984,P1,02080,partner
C03985,P1,02081,partner
C03986,P1,02082,partner
C03987,P1,02083,partner
C03988,P1,02084,partner
C03989,P3,00567,partner
C03990,P1,02085,partner
C03991,P1,02086,partner
C03992,P3,00568,partner
C03993,P2,01139,partner
C03994,P1,02087,partner
C03995,P3,00569,partner
C03996,P1,02088,partner
C03997,P1,02089,partner
C03998,P1,02090,partner
C03999,P2,01140,partner
C04000,P3,00570,partner
